POSITION,NUMBER,TEAM,DRIVER_1,DRIVER_2,DRIVER_3,DRIVER_4,VEHICLE,TYRES,CLASS,GROUP,DIVISION,STATUS,LAPS,TOTAL_TIME,GAP_FIRST,GAP_PREVIOUS,FL_LAPNUM,FL_TIME,FL_KPH,DRIVER_5,
1,31,WRT,Sean GELAEL,Robin FRIJNS,René RAST,,Oreca 07 - Gibson,G,LMP2,,,Classified,39,2:28'07.175,,,6,2'07.648,197.5,,
2,36,Alpine ELF Team,André NEGRÃO,Nicolas LAPIERRE,Matthieu VAXIVIERE,,Alpine A480 - Gibson,M,HYPERCAR,,,Classified,39,2:28'08.633,1.458,1.458,5,2'06.051,200.0,,
3,7,Toyota Gazoo Racing,Mike CONWAY,Kamui KOBAYASHI,Jose Maria LOPEZ,,Toyota GR010 HYBRID,M,HYPERCAR,H,,Classified,39,2:28'11.129,3.954,2.496,5,2'05.624,200.7,,
4,9,Prema Orlen Team,Robert KUBICA,Louis DELETRAZ,Lorenzo COLOMBO,,Oreca 07 - Gibson,G,LMP2,,,Classified,39,2:28'13.804,6.629,2.675,7,2'07.865,197.2,,
5,708,Glickenhaus Racing,Olivier PLA,Romain DUMAS,Luis Felipe DERANI,,Glickenhaus 007 LMH,M,HYPERCAR,,,Classified,39,2:28'14.689,7.514,0.885,5,2'05.448,201.0,,
6,22,United Autosports USA,Philip HANSON,Filipe ALBUQUERQUE,William OWEN,,Oreca 07 - Gibson,G,LMP2,,,Classified,39,2:28'15.456,8.281,0.767,5,2'07.859,197.2,,
7,23,United Autosports USA,Alexander LYNN,Oliver JARVIS,Joshua PIERSON,,Oreca 07 - Gibson,G,LMP2,,,Classified,39,2:28'16.140,8.965,0.684,5,2'08.264,196.6,,
8,5,Team Penske,Dane CAMERON,Emmanuel COLLARD,Felipe NASR,,Oreca 07 - Gibson,G,LMP2,,,Classified,39,2:28'18.546,11.371,2.406,6,2'08.238,196.6,,
9,83,AF Corse,François PERRODO,Nicklas NIELSEN,Alessio ROVERA,,Oreca 07 - Gibson,G,LMP2,P/A,,Classified,39,2:28'19.509,12.334,0.963,8,2'07.878,197.2,,
10,38,JOTA,Roberto GONZALEZ,Antonio Felix DA COSTA,William STEVENS,,Oreca 07 - Gibson,G,LMP2,,,Classified,39,2:28'21.049,13.874,1.540,5,2'06.955,198.6,,
11,1,Richard Mille Racing Team,Lilou WADOUX,Sébastien OGIER,Charles MILESI,,Oreca 07 - Gibson,G,LMP2,,,Classified,39,2:28'29.585,22.410,8.536,8,2'08.397,196.4,,
12,34,Inter Europol Competition,Jakub SMIECHOWSKI,Alex BRUNDLE,Esteban GUTIERREZ,,Oreca 07 - Gibson,G,LMP2,,,Classified,39,2:28'30.406,23.231,0.821,7,2'09.072,195.3,,
13,41,Realteam by WRT,Rui ANDRADE,Ferdinand HABSBURG,Norman NATO,,Oreca 07 - Gibson,G,LMP2,,,Classified,39,2:28'31.812,24.637,1.406,8,2'08.616,196.0,,
14,35,Ultimate,Jean-Baptiste LAHAYE,Matthieu LAHAYE,François HERIAU,,Oreca 07 - Gibson,G,LMP2,P/A,,Classified,39,2:28'32.831,25.656,1.019,7,2'10.427,193.3,,
15,45,Algarve Pro Racing,Steven THOMAS,James ALLEN,René BINDER,,Oreca 07 - Gibson,G,LMP2,P/A,,Classified,39,2:28'35.133,27.958,2.302,21,2'08.549,196.1,,
16,28,JOTA,Oliver RASMUSSEN,Edward JONES,Jonathan ABERDEIN,,Oreca 07 - Gibson,G,LMP2,,,Classified,39,2:28'35.614,28.439,0.481,6,2'08.616,196.0,,
17,10,Vector Sport,Nico MÜLLER,Ryan CULLEN,Sebastien BOURDAIS,,Oreca 07 - Gibson,G,LMP2,,,Classified,39,2:28'36.466,29.291,0.852,9,2'08.359,196.4,,
18,52,AF Corse,Miguel MOLINA,Antonio FUOCO,,,Ferrari 488 GTE Evo,M,LMGTE Pro,,,Classified,39,2:28'51.606,44.431,15.140,11,2'15.983,185.4,,
19,92,Porsche GT Team,Michael CHRISTENSEN,Kevin ESTRE,,,Porsche 911 RSR - 19,M,LMGTE Pro,,,Classified,38,2:28'11.806,1 Laps,1 Laps,9,2'15.220,186.5,,
20,51,AF Corse,Alessandro PIER GUIDI,James CALADO,,,Ferrari 488 GTE Evo,M,LMGTE Pro,,,Classified,38,2:28'23.107,1 Laps,11.301,11,2'15.984,185.4,,
21,64,Corvette Racing,Tommy MILNER,Nick TANDY,,,Chevrolet Corvette C8.R,M,LMGTE Pro,,,Classified,38,2:28'53.860,1 Laps,30.753,6,2'15.444,186.2,,
22,21,AF Corse,Simon MANN,Christoph ULRICH,Toni VILANDER,,Ferrari 488 GTE Evo,M,LMGTE Am,,,Classified,37,2:28'09.981,2 Laps,1 Laps,19,2'17.381,183.5,,
23,98,Northwest AMR,Paul DALLA LANA,David PITTARD,Nicki THIIM,,Aston Martin Vantage AMR,M,LMGTE Am,,,Classified,37,2:28'12.594,2 Laps,2.613,7,2'19.330,181.0,,
24,54,AF Corse,Thomas FLOHR,Francesco CASTELLACCI,Nicholas CASSIDY,,Ferrari 488 GTE Evo,M,LMGTE Am,,,Classified,37,2:28'22.077,2 Laps,9.483,15,2'20.825,179.0,,
25,77,Dempsey - Proton Racing,Christian RIED,Sebastian PRIAULX,Harry TINCKNELL,,Porsche 911 RSR - 19,M,LMGTE Am,,,Classified,37,2:28'25.468,2 Laps,3.391,17,2'19.596,180.6,,
26,777,D'Station Racing,Satoshi HOSHINO,Tomonobu FUJII,Charles FAGG,,Aston Martin Vantage AMR,M,LMGTE Am,,,Classified,37,2:28'28.172,2 Laps,2.704,11,2'17.313,183.6,,
27,86,GR Racing,Michael WAINWRIGHT,Riccardo PERA,Benjamin BARKER,,Porsche 911 RSR - 19,M,LMGTE Am,,,Classified,37,2:28'31.041,2 Laps,2.869,11,2'23.428,175.8,,
28,60,Iron Lynx,Claudio SCHIAVONI,Matteo CRESSONI,Giancarlo FISICHELLA,,Ferrari 488 GTE Evo,M,LMGTE Am,,,Classified,37,2:28'40.668,2 Laps,9.627,13,2'23.024,176.3,,
29,91,Porsche GT Team,Gianmaria BRUNI,Richard LIETZ,,,Porsche 911 RSR - 19,M,LMGTE Pro,,,Classified,37,2:28'42.601,2 Laps,1.933,4,2'15.147,186.6,,
30,46,Team Project 1,Matteo CAIROLI,Mikkel PEDERSEN,Nicolas LEUTWILER,,Porsche 911 RSR - 19,M,LMGTE Am,,,Classified,37,2:28'44.559,2 Laps,1.958,17,2'19.320,181.0,,
31,33,TF Sport,Ben KEATING,Henrique CHAVES,Marco SØRENSEN,,Aston Martin Vantage AMR,M,LMGTE Am,,,Classified,37,2:28'49.973,2 Laps,5.414,9,2'18.309,182.3,,
32,56,Team Project 1,Brendan IRIBE,Oliver MILLROY,Ben BARNICOAT,,Porsche 911 RSR - 19,M,LMGTE Am,,,Classified,37,2:28'51.997,2 Laps,2.024,22,2'19.433,180.8,,
33,88,Dempsey - Proton Racing,Fred POORDAD,Patrick LINDSEY,Jan HEYLEN,,Porsche 911 RSR - 19,M,LMGTE Am,,,Classified,36,2:28'47.403,3 Laps,1 Laps,21,2'21.771,177.9,,
34,85,Iron Dames,Rahel FREY,Doriane PIN,Christina NIELSEN,,Ferrari 488 GTE Evo,M,LMGTE Am,,,Classified,35,2:28'45.380,4 Laps,1 Laps,14,2'21.002,178.8,,
35,71,Spirit of Race,Franck DEZOTEUX,Pierre RAGUES,Gabriel AUBRY,,Ferrari 488 GTE Evo,M,LMGTE Am,,,Classified,32,2:28'48.643,7 Laps,3 Laps,6,2'17.750,183.0,,
36,8,Toyota Gazoo Racing,Sébastien BUEMI,Brendon HARTLEY,Ryo HIRAKAWA,,Toyota GR010 HYBRID,M,HYPERCAR,H,,Classified,29,1:05'47.905,10 Laps,3 Laps,5,2'05.298,201.2,,
37,44,ARC Bratislava,Miroslav KONOPKA,Tijmen VAN DER HELM,Bent VISCAAL,,Oreca 07 - Gibson,G,LMP2,P/A,,Classified,25,1:00'13.344,14 Laps,4 Laps,13,2'13.938,188.3,,
