POS,NUMBER,LAP,TIME,GAP_FIRST,GAP_PREVIOUS,KPH, LAPS,TEAM,CLASS,GROUP,DIVISION,VEHICLE,TIRES,ECM Participant Id,ECM Team Id,ECM Category Id,ECM Car Id,ECM Brand Id,ECM Country Id,*Extra 7,*Extra 8,*Extra 9,Sort Key,DRIVER1_FIRSTNAME,DRIVER1_SECONDNAME,DRIVER1_LICENSE,DRIVER1_HOMETOWN,DRIVER1_COUNTRY,DRIVER1_SHORTNAME,DRIVER1_ECM Driver Id,DRIVER1_ECM Country Id,DRIVER1_*Extra 3,DRIVER1_*Extra 4,DRIVER1_*Extra 5,DRIVER2_FIRSTNAME,DRIVER2_SECONDNAME,DRIVER2_LICENSE,DRIVER2_HOMETOWN,DRIVER2_COUNTRY,DRIVER2_SHORTNAME,DRIVER2_ECM Driver Id,DRIVER2_ECM Country Id,DRIVER2_*Extra 3,DRIVER2_*Extra 4,DRIVER2_*Extra 5,DRIVER3_FIRSTNAME,DRIVER3_SECONDNAME,DRIVER3_LICENSE,DRIVER3_HOMETOWN,DRIVER3_COUNTRY,DRIVER3_SHORTNAME,DRIVER3_ECM Driver Id,DRIVER3_ECM Country Id,DRIVER3_*Extra 3,DRIVER3_*Extra 4,DRIVER3_*Extra 5,DRIVER4_FIRSTNAME,DRIVER4_SECONDNAME,DRIVER4_LICENSE,DRIVER4_HOMETOWN,DRIVER4_COUNTRY,DRIVER4_SHORTNAME,DRIVER4_ECM Driver Id,DRIVER4_ECM Country Id,DRIVER4_*Extra 3,DRIVER4_*Extra 4,DRIVER4_*Extra 5,DRIVER5_FIRSTNAME,DRIVER5_SECONDNAME,DRIVER5_LICENSE,DRIVER5_HOMETOWN,DRIVER5_COUNTRY,DRIVER5_SHORTNAME,DRIVER5_ECM Driver Id,DRIVER5_ECM Country Id,DRIVER5_*Extra 3,DRIVER5_*Extra 4,DRIVER5_*Extra 5,DRIVER6_FIRSTNAME,DRIVER6_SECONDNAME,DRIVER6_LICENSE,DRIVER6_HOMETOWN,DRIVER6_COUNTRY,DRIVER6_SHORTNAME,DRIVER6_ECM Driver Id,DRIVER6_ECM Country Id,DRIVER6_*Extra 3,DRIVER6_*Extra 4,DRIVER6_*Extra 5,
1,51,5,1:52.268,-,-,176.8,34,Ferrari AF Corse,HYPERCAR,H,,Ferrari 499P,M,87840,6293,4167,6192,3,119,,,FERRARI AFCORSE,,Alessandro,PIER GUIDI,P,,ITA,,340,119,,01:00:00,None,James,CALADO,P,,GBR,,300,188,,01:00:00,None,Antonio,GIOVINAZZI,P,,ITA,,1976,119,,01:00:00,None,,,,,,,,,,,,,,,,,,,
2,50,7,1:52.320,+0.052,+0.052,176.7,38,Ferrari AF Corse,HYPERCAR,H,,Ferrari 499P,M,87839,6293,4167,6192,3,119,,,FERRARI AFCORSE,,Antonio,FUOCO,P,,ITA,,10091,119,,01:00:00,None,Miguel,MOLINA,P,,ESP,,8526,64,,01:00:00,None,Nicklas,NIELSEN,P,,DNK,,9432,57,,01:00:00,None,,,,,,,,,,,,,,,,,,,
3,20,4,1:52.383,+0.115,+0.063,176.6,17,BMW M Team WRT,HYPERCAR,H,,BMW M HYBRID V8,M,87832,6359,4167,6188,4354,23,,,BMW M TEAM WRT,,Sheldon,VAN DER LINDE,P,,ZAF,,11274,2,,01:00:00,None,Robin,FRIJNS,P,,NLD,,9871,178,,01:00:00,None,René,RAST,P,,DEU,,307,5,,01:00:00,None,,,,,,,,,,,,,,,,,,,
4,2,4,1:52.533,+0.265,+0.150,176.4,39,Cadillac Racing,HYPERCAR,H,,Cadillac V-Series.R,M,87824,6290,4167,6203,4097,66,,,CADILLAC RACING,,Earl,BAMBER,P,,NZL,,1290,168,,01:00:00,None,Alex,LYNN,P,,GBR,,11043,188,,01:00:00,None,,,,,,,,,,,,,,,,,,,,,,,,,
5,83,5,1:52.705,+0.437,+0.172,176.1,40,AF Corse,HYPERCAR,H,,Ferrari 499P,M,87850,16,4167,6192,3,119,,,AF CORSE,HWC,Robert,KUBICA,P,,POL,,8438,181,,01:00:00,None,Robert,SHWARTZMAN,P,,ISR,,11259,118,,01:00:00,None,Yifei,YE,G,,CHN,,10068,43,,01:00:00,None,,,,,,,,,,,,,,,,,,,
6,8,5,1:52.788,+0.520,+0.083,176.0,41,Toyota Gazoo Racing,HYPERCAR,H,,Toyota GR010 - Hybrid,M,87828,380,4167,6206,2,121,,,TOYOTA GR,,Sébastien,BUEMI,P,,CHE,,138,219,,01:00:00,None,Brendon,HARTLEY,P,,NZL,,152,168,,01:00:00,None,Ryo,HIRAKAWA,P,,JPN,,8166,121,,01:00:00,None,,,,,,,,,,,,,,,,,,,
7,15,6,1:52.791,+0.523,+0.003,176.0,41,BMW M Team WRT,HYPERCAR,H,,BMW M HYBRID V8,M,87831,6359,4167,6188,4354,23,,,BMW M TEAM WRT,,Dries,VANTHOOR,P,,BEL,,8292,23,,01:00:00,None,Raffaele,MARCIELLO,P,,CHE,,10402,219,,01:00:00,None,Marco,WITTMANN,P,,DEU,,11369,5,,01:00:00,None,,,,,,,,,,,,,,,,,,,
8,12,4,1:52.940,+0.672,+0.149,175.7,39,Hertz Team JOTA,HYPERCAR,H,,Porsche 963,M,87830,6292,4167,6176,4368,188,,,HERTZ TEAM JOTA,HWC,Will,STEVENS,P,,GBR,,11044,188,,01:00:00,None,Callum,ILOTT,P,,GBR,,10255,188,,01:00:00,None,Norman,NATO,G,,FRA,,9032,70,,01:00:00,None,,,,,,,,,,,,,,,,,,,
9,38,4,1:53.042,+0.774,+0.102,175.6,38,Hertz Team JOTA,HYPERCAR,H,,Porsche 963,M,87837,6292,4167,6176,4368,188,,,HERTZ TEAM JOTA,HWC,Jenson,BUTTON,P,,GBR,,9180,188,,01:00:00,None,Philip,HANSON,G,,GBR,,1946,188,,01:00:00,None,Oliver,RASMUSSEN,G,,DNK,,10332,57,,01:00:00,None,,,,,,,,,,,,,,,,,,,
10,7,10,1:53.052,+0.784,+0.010,175.6,38,Toyota Gazoo Racing,HYPERCAR,H,,Toyota GR010 - Hybrid,M,87827,380,4167,6206,2,121,,,TOYOTA GR,,Mike,CONWAY,P,,GBR,,215,188,,01:00:00,None,Kamui,KOBAYASHI,P,,JPN,,210,121,,01:00:00,None,Nyck,DE VRIES,P,,NLD,,9152,178,,01:00:00,None,,,,,,,,,,,,,,,,,,,
11,63,33,1:53.340,+1.072,+0.288,175.1,37,Lamborghini Iron Lynx,HYPERCAR,H,,Lamborghini SC63,M,87845,6365,4167,6241,4366,119,,,LAMBORGHINI IL,,Mirko,BORTOLOTTI,P,,ITA,,10543,119,,01:00:00,None,Edoardo,MORTARA,P,,ITA,,11363,119,,01:00:00,None,Daniil,KVYAT,P,,_,,10452,254,,01:00:00,None,,,,,,,,,,,,,,,,,,,
12,36,10,1:53.491,+1.223,+0.151,174.9,37,Alpine Endurance Team,HYPERCAR,H,,Alpine A424,M,87836,6360,4167,6237,21,70,,,ALPINE,,Nicolas,LAPIERRE,P,,FRA,,96,70,,01:00:00,None,Mick,SCHUMACHER,P,,DEU,,11362,5,,01:00:00,None,Matthieu,VAXIVIERE,G,,FRA,,7798,70,,01:00:00,None,,,,,,,,,,,,,,,,,,,
13,5,23,1:53.492,+1.224,+0.001,174.9,31,Porsche Penske Motorsport,HYPERCAR,H,,Porsche 963,M,87825,6283,4167,6176,4368,5,,,PORSCHE PENSKE,,Matt,CAMPBELL,P,,AUS,,8944,16,,01:00:00,None,Michael,CHRISTENSEN,P,,DNK,,532,57,,01:00:00,None,Frédéric,MAKOWIECKI,P,,FRA,,61,70,,01:00:00,None,,,,,,,,,,,,,,,,,,,
14,35,26,1:53.677,+1.409,+0.185,174.6,40,Alpine Endurance Team,HYPERCAR,H,,Alpine A424,M,87835,6360,4167,6237,21,70,,,ALPINE,,Paul-Loup,CHATIN,G,,FRA,,313,70,,01:00:00,None,Ferdinand,HABSBURG,G,,AUT,,10000,17,,01:00:00,None,Charles,MILESI,G,,FRA,,9594,70,,01:00:00,None,,,,,,,,,,,,,,,,,,,
15,99,9,1:53.818,+1.550,+0.141,174.4,38,Proton Competition,HYPERCAR,H,,Porsche 963,M,87859,45,4167,6176,4368,5,,,PROTON,HWC,Harry,TINCKNELL,P,,GBR,,303,188,,,,Neel,JANI,P,,CHE,,16,219,,01:00:00,None,Julien,ANDLAUER,G,,FRA,,9192,70,,01:00:00,None,,,,,,,,,,,,,,,,,,,
16,93,4,1:53.829,+1.561,+0.011,174.4,36,Peugeot TotalEnergies,HYPERCAR,H,,Peugeot 9X8,M,87856,6151,4167,6112,4014,70,,,PEUGEOT TE,,Mikkel,JENSEN,P,,DNK,,8276,57,,01:00:00,None,Nico,MÜLLER,P,,CHE,,11039,219,,01:00:00,None,Jean-Eric,VERGNE,P,,FRA,,8528,70,,01:00:00,None,,,,,,,,,,,,,,,,,,,
17,6,32,1:54.059,+1.791,+0.230,174.0,33,Porsche Penske Motorsport,HYPERCAR,H,,Porsche 963,M,87826,6283,4167,6176,4368,5,,,PORSCHE PENSKE,,Kévin,ESTRE,P,,FRA,,1292,70,,01:00:00,None,André,LOTTERER,P,,DEU,,7,5,,01:00:00,None,Laurens,VANTHOOR,P,,BEL,,1124,23,,01:00:00,None,,,,,,,,,,,,,,,,,,,
18,94,34,1:54.526,+2.258,+0.467,173.3,40,Peugeot TotalEnergies,HYPERCAR,H,,Peugeot 9X8,M,87857,6151,4167,6112,4014,70,,,PEUGEOT TE,,Paul,DI RESTA,P,,GBR,,9293,188,,01:00:00,None,Loïc,DUVAL,P,,FRA,,14,70,,01:00:00,None,Stoffel,VANDOORNE,P,,BEL,,9520,23,,01:00:00,None,,,,,,,,,,,,,,,,,,,
19,82,27,2:05.630,+13.362,+11.104,158.0,32,TF Sport,LMGT3,,,Corvette Z06 LMGT3.R,G,87849,364,4179,6244,4230,188,,,TF SPORT,,Hiroshi,KOIZUMI,B,,JPN,,273,121,,01:45:00,None,Sébastien,BAUD,S,,FRA,,9613,70,,01:45:00,None,Daniel,JUNCADELLA,P,,ESP,,11275,64,,01:00:00,None,,,,,,,,,,,,,,,,,,,
20,55,32,2:05.673,+13.405,+0.043,157.9,34,Vista AF Corse,LMGT3,,,Ferrari 296 LMGT3,G,87842,6367,4179,6245,3,119,,,VISTA AF CORSE,,François,HERIAU,B,,FRA,,1630,70,,01:45:00,None,Simon,MANN,S,,USA,,10161,66,,01:45:00,None,Alessio,ROVERA,P,,ITA,,9837,119,,01:00:00,None,,,,,,,,,,,,,,,,,,,
21,54,35,2:05.708,+13.440,+0.035,157.9,35,Vista AF Corse,LMGT3,,,Ferrari 296 LMGT3,G,87841,6367,4179,6245,3,119,,,VISTA AF CORSE,,Thomas,FLOHR,B,,CHE,,454,219,,01:45:00,None,Francesco,CASTELLACCI,S,,ITA,,456,119,,01:45:00,None,Davide,RIGON,P,,ITA,,266,119,,01:00:00,None,,,,,,,,,,,,,,,,,,,
22,87,13,2:05.868,+13.600,+0.160,157.7,37,Akkodis ASP Team,LMGT3,,,Lexus RC F LMGT3,G,87852,6361,4179,6248,4443,70,,,AKKODIS ASP,,Takeshi,KIMURA,B,,JPN,,9416,121,,01:45:00,None,Esteban,MASSON,S,,FRA,,11272,70,,01:45:00,None,Jose Maria,LOPEZ,P,,ARG,,8418,13,,01:00:00,None,,,,,,,,,,,,,,,,,,,
23,60,8,2:06.141,+13.873,+0.273,157.3,35,Iron Lynx,LMGT3,,,Lamborghini Huracan LMGT3 Evo2,G,87844,5979,4179,6247,4366,119,,,IRON LYNX,,Claudio,SCHIAVONI,B,,ITA,,8812,119,,01:45:00,None,Matteo,CRESSONI,S,,ITA,,338,119,,01:45:00,None,Franck,PERERA,P,,FRA,,1660,70,,01:00:00,None,,,,,,,,,,,,,,,,,,,
24,91,25,2:06.161,+13.893,+0.020,157.3,36,Manthey EMA,LMGT3,,,Porsche 911 GT3 R LMGT3,G,87854,6372,4179,6250,4368,5,,,MANTHEY EMA,,Yasser,SHAHIN,B,,AUS,,10844,16,,01:45:00,None,Morris,SCHURING,S,,NLD,,11364,178,,01:45:00,None,Richard,LIETZ,P,,AUT,,66,17,,01:00:00,None,,,,,,,,,,,,,,,,,,,
25,81,4,2:06.267,+13.999,+0.106,157.2,33,TF Sport,LMGT3,,,Corvette Z06 LMGT3.R,G,87848,364,4179,6244,4230,188,,,TF SPORT,,Tom,VAN ROMPUY,B,,BEL,,10426,23,,01:45:00,None,Rui,ANDRADE,S,,AGO,,9873,7,,01:45:00,None,Charlie,EASTWOOD,G,,IRL,,9016,116,,01:00:00,None,,,,,,,,,,,,,,,,,,,
26,27,16,2:06.267,+13.999,+0.000,157.2,32,Heart of Racing Team,LMGT3,,,Aston Martin Vantage AMR LMGT3,G,87833,6366,4179,6242,260,66,,,HEART OF RACING,,Ian,JAMES,B,,USA,,6531,66,,01:45:00,None,Daniel,MANCINELLI,S,,ITA,,9589,119,,01:45:00,None,Alex,RIBERAS,G,,ESP,,10376,64,,01:00:00,None,,,,,,,,,,,,,,,,,,,
27,46,12,2:06.276,+14.008,+0.009,157.2,34,Team WRT,LMGT3,,,BMW M4 LMGT3,G,87865,5518,4179,6243,4354,23,,,TEAM WRT,,Ahmad,AL HARTHY,B,,OMN,,8810,170,,01:45:00,None,Valentino,ROSSI,S,,ITA,,11049,119,,01:45:00,None,Maxime,MARTIN,P,,BEL,,157,23,,01:00:00,None,,,,,,,,,,,,,,,,,,,
28,59,20,2:06.318,+14.050,+0.042,157.1,33,United Autosports,LMGT3,,,McLaren 720S LMGT3 Evo,G,87843,532,4179,6249,60,188,,,UNITED,,James,COTTINGHAM,B,,GBR,,8246,188,,01:45:00,None,Nicolas,COSTA,S,,BRA,,11417,32,,01:45:00,None,Grégoire,SAUCY,G,,CHE,,11255,219,,01:00:00,None,,,,,,,,,,,,,,,,,,,
29,85,23,2:06.453,+14.185,+0.135,157.0,30,Iron Dames,LMGT3,,,Lamborghini Huracan LMGT3 Evo2,G,87851,6158,4179,6247,4366,119,,,IRON DAMES,,Sarah,BOVY,B,,BEL,,1191,23,,01:45:00,None,Rahel,FREY,S,,CHE,,1143,219,,01:45:00,None,Michelle,GATTING,G,,DNK,,9343,57,,01:00:00,None,,,,,,,,,,,,,,,,,,,
30,78,34,2:06.777,+14.509,+0.324,156.5,34,Akkodis ASP Team,LMGT3,,,Lexus RC F LMGT3,G,87847,6361,4179,6248,4443,70,,,AKKODIS ASP,,Arnold,ROBIN,B,,FRA,,9302,70,,01:45:00,None,Clemens,SCHMID,S,,AUT,,11594,17,,01:45:00,None,Kelvin,VAN DER LINDE,P,,ZAF,,10415,2,,01:00:00,None,,,,,,,,,,,,,,,,,,,
31,77,18,2:06.966,+14.698,+0.189,156.3,23,Proton Competition,LMGT3,,,Ford Mustang LMGT3,G,87846,45,4179,6246,268,5,,,PROTON,,Ryan,HARDWICK,B,,USA,,10846,66,,01:45:00,None,Zacharie,ROBICHON,S,,CAN,,10636,40,,01:45:00,None,Benjamin,BARKER,G,,GBR,,594,188,,01:00:00,None,,,,,,,,,,,,,,,,,,,
32,31,35,2:07.167,+14.899,+0.201,156.1,35,Team WRT,LMGT3,,,BMW M4 LMGT3,G,87866,5518,4179,6243,4354,23,,,TEAM WRT,,Darren,LEUNG,B,,GBR,,11277,188,,01:45:00,None,Sean,GELAEL,S,,IDN,,1968,113,,01:45:00,None,Augusto,FARFUS,P,,BRA,,9022,32,,01:00:00,None,,,,,,,,,,,,,,,,,,,
33,92,32,2:07.173,+14.905,+0.006,156.1,36,Manthey PureRxcing,LMGT3,,,Porsche 911 GT3 R LMGT3,G,87855,6363,4179,6250,4368,137,,,MANTHEY PURE RX,,Aliaksandr,MALYKHIN,B,,KNA,,10938,198,,01:45:00,None,Joel,STURM,S,,DEU,,11276,5,,01:45:00,None,Klaus,BACHLER,P,,AUT,,291,17,,01:00:00,None,,,,,,,,,,,,,,,,,,,
34,95,21,2:07.228,+14.960,+0.055,156.0,32,United Autosports,LMGT3,,,McLaren 720S LMGT3 Evo,G,87858,532,4179,6249,60,188,,,UNITED,,Joshua,CAYGILL,B,,GBR,,10424,188,,01:45:00,None,Nicolas,PINO,S,,CHL,,10281,42,,01:45:00,None,Marino,SATO,G,,JPN,,10971,121,,01:00:00,None,,,,,,,,,,,,,,,,,,,
35,88,21,2:07.230,+14.962,+0.002,156.0,32,Proton Competition,LMGT3,,,Ford Mustang LMGT3,G,87853,45,4179,6246,268,5,,,PROTON,,Ben,KEATING,B,,USA,,1312,66,,01:45:00,None,Mikkel,PEDERSEN,S,,DNK,,10545,57,,01:45:00,None,Dennis,OLSEN,P,,NOR,,9186,166,,01:00:00,None,,,,,,,,,,,,,,,,,,,
36,777,11,2:08.429,+16.161,+1.199,154.5,16,D'Station Racing,LMGT3,,,Aston Martin Vantage AMR LMGT3,G,87860,6071,4179,6242,260,121,,,D'STATION,,Clément,MATEU,B,,FRA,,9175,70,,01:45:00,None,Erwan,BASTARD,S,,FRA,,11228,70,,01:45:00,None,Marco,SØRENSEN,P,,DNK,,7812,57,,01:00:00,None,,,,,,,,,,,,,,,,,,,
