POS,NUMBER,LAP,TIME,GAP_FIRST,GAP_PREVIOUS,KPH, LAPS,TEAM,CLASS,GROUP,DIVISION,VEHICLE,TIRES,IMSA_CarId,IMSA_TeamId,IMSA_ClassId,IMSA_CarTypeId,IMSA_ManufacturerId,IMSA_TireId,IMSA_SponsorId,IMSA_EventEntryId,*Extra 9,*Extra 10,DRIVER1_FIRSTNAME,DRIVER1_SECONDNAME,DRIVER1_LICENSE,DRIVER1_HOMETOWN,DRIVER1_COUNTRY,DRIVER1_SHORTNAME,DRIVER1_IMSA_DriverId,DRIVER1_IMSA_DriverPlugId,DRIVER1_IMSA_DriverRatingLong,DRIVER1_*Extra 4,DRIVER1_*Extra 5,DRIVER2_FIRSTNAME,DRIVER2_SECONDNAME,DRIVER2_LICENSE,DRIVER2_HOMETOWN,DRIVER2_COUNTRY,DRIVER2_SHORTNAME,DRIVER2_IMSA_DriverId,DRIVER2_IMSA_DriverPlugId,DRIVER2_IMSA_DriverRatingLong,DRIVER2_*Extra 4,DRIVER2_*Extra 5,DRIVER3_FIRSTNAME,DRIVER3_SECONDNAME,DRIVER3_LICENSE,DRIVER3_HOMETOWN,DRIVER3_COUNTRY,DRIVER3_SHORTNAME,DRIVER3_IMSA_DriverId,DRIVER3_IMSA_DriverPlugId,DRIVER3_IMSA_DriverRatingLong,DRIVER3_*Extra 4,DRIVER3_*Extra 5,DRIVER4_FIRSTNAME,DRIVER4_SECONDNAME,DRIVER4_LICENSE,DRIVER4_HOMETOWN,DRIVER4_COUNTRY,DRIVER4_SHORTNAME,DRIVER4_IMSA_DriverId,DRIVER4_IMSA_DriverPlugId,DRIVER4_IMSA_DriverRatingLong,DRIVER4_*Extra 4,DRIVER4_*Extra 5,DRIVER5_FIRSTNAME,DRIVER5_SECONDNAME,DRIVER5_LICENSE,DRIVER5_HOMETOWN,DRIVER5_COUNTRY,DRIVER5_SHORTNAME,DRIVER5_IMSA_DriverId,DRIVER5_IMSA_DriverPlugId,DRIVER5_IMSA_DriverRatingLong,DRIVER5_*Extra 4,DRIVER5_*Extra 5,DRIVER6_FIRSTNAME,DRIVER6_SECONDNAME,DRIVER6_LICENSE,DRIVER6_HOMETOWN,DRIVER6_COUNTRY,DRIVER6_SHORTNAME,DRIVER6_IMSA_DriverId,DRIVER6_IMSA_DriverPlugId,DRIVER6_IMSA_DriverRatingLong,DRIVER6_*Extra 4,DRIVER6_*Extra 5,
1,43,12,1:07.904,-,-,209.8,12,Inter Europol Competition,LMP2,,,ORECA LMP2 07,M,,,,,,,,,,,Thomas,Dillmann,Gold,"Mulhouse, France",FRA,,,,,,,Jeremy,Clarke,Bronze,"Manhattan Beach, CA",USA,,,,,,,,,,,,,,,,,,,,,,,,,,,,,,,
2,52,10,1:08.077,+0.173,+0.173,209.3,12,Bryan Herta Autosport with PR1/Mathiasen,LMP2,,,ORECA LMP2 07,M,,,,,,,,,,,Misha,Goikhberg,Bronze,"Woodbridge, ON",CAN,,,,,,,Ricky,Taylor,Platinum,"Lake Mary, FL",USA,,,,,,,,,,,,,,,,,,,,,,,,,,,,,,,
3,99,6,1:08.186,+0.282,+0.109,208.9,13,AO Racing,LMP2,,,ORECA LMP2 07,M,,,,,,,,,,,PJ,Hyett,Bronze,"St Charles, IL",USA,,,,,,,Dane,Cameron,Platinum,"Glen Ellen, CA",USA,,,,,,,,,,,,,,,,,,,,,,,,,,,,,,,
4,22,12,1:08.297,+0.393,+0.111,208.6,12,United Autosports USA,LMP2,,,ORECA LMP2 07,M,,,,,,,,,,,Daniel,Goldburg,Bronze,"Delray Beach, FL",USA,,,,,,,Benjamin,Hanley,Gold,"Accrington, United Kingdom",GBR,,,,,,,,,,,,,,,,,,,,,,,,,,,,,,,
5,04,11,1:08.497,+0.593,+0.200,208.0,13,Crowdstrike Racing by APR,LMP2,,,ORECA LMP2 07,M,,,,,,,,,,,George,Kurtz,Bronze,"Scottsdale, AZ",USA,,,,,,,Alexander,Quinn,Gold,"Cornwall, UK",GBR,,,,,,,,,,,,,,,,,,,,,,,,,,,,,,,
6,2,12,1:09.341,+1.437,+0.844,205.5,12,United Autosports USA,LMP2,,,ORECA LMP2 07,M,,,,,,,,,,,Philip,Fayer,Bronze,"Montreal, QC",CAN,,,,,,,Mikkel,Jensen,Platinum,"Aarhus, Denmark",DNK,,,,,,,,,,,,,,,,,,,,,,,,,,,,,,,
7,73,11,1:09.715,+1.811,+0.374,204.4,12,Pratt Miller Motorsports,LMP2,,,ORECA LMP2 07,M,,,,,,,,,,,Pietro,Fittipaldi,Platinum,"Miami, FL",BRA,,,,,,,Christopher,Cumming,Bronze,"Vancouver, Canada",CAN,,,,,,,,,,,,,,,,,,,,,,,,,,,,,,,
8,11,3,1:09.754,+1.850,+0.039,204.2,12,TDS Racing,LMP2,,,ORECA LMP2 07,M,,,,,,,,,,,Tobi,Lutke,Bronze,"Toronto, Canada",CAN,,,,,,,Mathias,Beche,Gold,"Veigy, France",CHE,,,,,,,,,,,,,,,,,,,,,,,,,,,,,,,
9,8,11,1:10.410,+2.506,+0.656,202.3,12,Tower Motorsports,LMP2,,,ORECA LMP2 07,M,,,,,,,,,,,John,Farano,Bronze,"Toronto, ON",CAN,,,,,,,Sebastian,Alvarez,Silver,"Mexico City, Mexico",MEX,,,,,,,,,,,,,,,,,,,,,,,,,,,,,,,
10,1,9,1:14.382,+6.478,+3.972,191.5,11,Paul Miller Racing,GTDPRO,,,BMW M4 GT3 EVO,M,,,,,,,,,,,Neil,Verhagen,Gold,"Mooresville, NC",USA,,,,,,,Connor,de Phillippi,Gold,"Cornelius, NC",USA,,,,,,,,,,,,,,,,,,,,,,,,,,,,,,,
11,59,9,1:14.567,+6.663,+0.185,191.1,10,RLL Team McLaren,GTDPRO,,,McLaren 720S GT3 EVO,M,,,,,,,,,,,Maximilian,Esterson,Silver,"New York City, NY",USA,,,,,,,Nikita,Johnson,Silver,St. Pete  FL,USA,,,,,,,,,,,,,,,,,,,,,,,,,,,,,,,
12,3,10,1:14.569,+6.665,+0.002,191.1,12,Corvette Racing by Pratt Miller Motorsports,GTDPRO,,,Chevrolet Corvette Z06 GT3.R,M,,,,,,,,,,,Antonio,Garcia,Platinum,"Madrid, Spain",ESP,,,,,,,Alexander,Sims,Platinum,"Kidderminster, United Kingdom",GBR,,,,,,,,,,,,,,,,,,,,,,,,,,,,,,,
13,4,10,1:14.605,+6.701,+0.036,191.0,11,Corvette Racing by Pratt Miller Motorsports,GTDPRO,,,Chevrolet Corvette Z06 GT3.R,M,,,,,,,,,,,Tommy,Milner,Platinum,"Middleburg, VA",USA,,,,,,,Nicky,Catsburg,Platinum,"Amersfoort, Netherlands",NLD,,,,,,,,,,,,,,,,,,,,,,,,,,,,,,,
14,68,10,1:14.833,+6.929,+0.228,190.4,11,Car Blanche,GTDPRO,,,Aston Martin Vantage GT3 Evo,M,,,,,,,,,,,Valentin,Hasse Clot,Gold,"Paris, France",FRA,,,,,,,Scott,Andrews,Gold,"Torquay, Australia",AUS,,,,,,,,,,,,,,,,,,,,,,,,,,,,,,,
15,14,7,1:14.865,+6.961,+0.032,190.3,9,Vasser Sullivan Racing,GTDPRO,,,Lexus RC F GT3,M,,,,,,,,,,,Jack,Hawksworth,Gold,"Bradford, United Kingdom",GBR,,,,,,,Benjamin,Barnicoat,Platinum,"Chesterfield, United Kingdom",GBR,,,,,,,,,,,,,,,,,,,,,,,,,,,,,,,
16,27,3,1:15.130,+7.226,+0.265,189.6,5,Heart of Racing Team,GTD,,,Aston Martin Vantage GT3 Evo,M,,,,,,,,,,,Dudu,Barrichello,Silver,"Sao Paulo, Brasil",BRA,,,,,,,Roman,de Angelis,Gold,"Windsor , ON",CAN,,,,,,,,,,,,,,,,,,,,,,,,,,,,,,,
17,77,9,1:15.134,+7.230,+0.004,189.6,12,AO Racing,GTDPRO,,,Porsche 911 GT3 R (992),M,,,,,,,,,,,Nicholas,Tandy,Platinum,"Bedford, United Kingdom",GBR,,,,,,,Harry,King,Gold,Windsor,GBR,,,,,,,,,,,,,,,,,,,,,,,,,,,,,,,
18,9,10,1:15.220,+7.316,+0.086,189.4,11,Pfaff Motorsports,GTDPRO,,,Lamborghini Temerario GT3,M,,,,,,,,,,,Andrea,Caldarelli,Platinum,"Pescara, Italy",ITA,,,,,,,Sandy,Mitchell,Platinum,"Forfar, Scotland",GBR,,,,,,,,,,,,,,,,,,,,,,,,,,,,,,,
19,64,4,1:15.258,+7.354,+0.038,189.3,10,Ford Racing,GTDPRO,,,Ford Mustang GT3,M,,,,,,,,,,,Benjamin,Barker,Gold,"Cambridge, United Kingdom",GBR,,,,,,,Dennis,Olsen,Platinum,"Valer, Norway",NOR,,,,,,,,,,,,,,,,,,,,,,,,,,,,,,,
20,65,9,1:15.290,+7.386,+0.032,189.2,12,Ford Racing,GTDPRO,,,Ford Mustang GT3,M,,,,,,,,,,,Christopher,Mies,Platinum,"Erkrath, Germany",DEU,,,,,,,Frederic,Vervisch,Gold,"Middelkerke, Belgium",BEL,,,,,,,,,,,,,,,,,,,,,,,,,,,,,,,
21,36,8,1:15.373,+7.469,+0.083,189.0,11,DXDT Racing,GTD,,,Chevrolet Corvette Z06 GT3.R,M,,,,,,,,,,,Mason,Filippi,Silver,"Nashville, TN",USA,,,,,,,Robert,Wickens,Silver,"Guelph, ON",CAN,,,,,,,,,,,,,,,,,,,,,,,,,,,,,,,
22,12,5,1:15.382,+7.478,+0.009,189.0,9,Vasser Sullivan Racing,GTD,,,Lexus RC F GT3,M,,,,,,,,,,,Aaron,Telitz,Gold,"Birchwood, WI",USA,,,,,,,Benjamin,Pedersen,Silver,Copenhagen,USA,,,,,,,,,,,,,,,,,,,,,,,,,,,,,,,
23,57,8,1:15.399,+7.495,+0.017,188.9,10,WINWARD RACING,GTD,,,Mercedes-AMG GT3,M,,,,,,,,,,,Russell,Ward,Silver,"Seabrook, TX",USA,,,,,,,Philip,Ellis,Gold,"Munich, Germany",GBR,,,,,,,,,,,,,,,,,,,,,,,,,,,,,,,
24,45,7,1:15.656,+7.752,+0.257,188.3,9,Wayne Taylor Racing,GTD,,,Lamborghini Huracan GT3 EVO2,M,,,,,,,,,,,Danny,Formal,Silver,"San Jose, Costa Rica",CRI,,,,,,,Trent,Hindman,Gold,"Ocean Township, NJ",USA,,,,,,,,,,,,,,,,,,,,,,,,,,,,,,,
25,96,6,1:15.728,+7.824,+0.072,188.1,9,Turner Motorsport,GTD,,,BMW M4 GT3 EVO,M,,,,,,,,,,,Patrick,Gallagher,Silver,"Thornville, OH",USA,,,,,,,Robby,Foley,Gold,"Randolph, NJ",USA,,,,,,,,,,,,,,,,,,,,,,,,,,,,,,,
26,81,7,1:15.783,+7.879,+0.055,188.0,10,DragonSpeed,GTD,,,Chevrolet Corvette Z06 GT3.R,M,,,,,,,,,,,Giacomo,Altoe,Gold,"Adria, Italy",ITA,,,,,,,Casper,Stevenson,Silver,London,GBR,,,,,,,,,,,,,,,,,,,,,,,,,,,,,,,
27,34,3,1:16.212,+8.308,+0.429,186.9,11,Conquest Racing,GTD,,,Ferrari 296 GT3 EVO,M,,,,,,,,,,,Albert,Costa,Platinum,Andorra,ESP,,,,,,,Lorenzo,Patrese,Silver,"Padua, Italy",ITA,,,,,,,,,,,,,,,,,,,,,,,,,,,,,,,
28,66,4,1:16.485,+8.581,+0.273,186.3,10,Gradient Racing,GTD,,,Ford Mustang GT3,M,,,,,,,,,,,Jake,Walker,Silver,"Tempe, AZ",USA,,,,,,,Corey,Lewis,Silver,"Nazareth, PA",USA,,,,,,,,,,,,,,,,,,,,,,,,,,,,,,,
29,120,5,1:16.515,+8.611,+0.030,186.2,11,Wright Motorsports,GTD,,,Porsche 911 GT3 R (992),M,,,,,,,,,,,Adam,Adelson,Silver,"Los Angeles, CA",USA,,,,,,,Callum,Ilott,Platinum,"Cambridge, UK",GBR,,,,,,,,,,,,,,,,,,,,,,,,,,,,,,,
30,70,7,1:16.805,+8.901,+0.290,185.5,11,Inception Racing,GTD,B,,Ferrari 296 GT3 EVO,M,,,,,,,,,,,Brendan,Iribe,Bronze,"Los Angeles, CA",USA,,,,,,,Frederik,Schandorff,Gold,"Aarhus, Denmark",DNK,,,,,,,,,,,,,,,,,,,,,,,,,,,,,,,
31,16,6,1:17.159,+9.255,+0.354,184.6,12,Myers Riley Motorsports,GTD,B,,Ford Mustang GT3,M,,,,,,,,,,,Sheena,Monk,Bronze,"Newtown, PA",USA,,,,,,,Felipe,Fraga,Gold,"Palmas, Brazil",BRA,,,,,,,,,,,,,,,,,,,,,,,,,,,,,,,
32,13,6,1:17.638,+9.734,+0.479,183.5,12,13 Autosport,GTD,B,,Chevrolet Corvette Z06 GT3.R,M,,,,,,,,,,,Orey,Fidani,Bronze,"Toronto, ON",CAN,,,,,,,Matthew,Bell,Gold,"Newcastle Upon Tyne, United Kingdom",GBR,,,,,,,,,,,,,,,,,,,,,,,,,,,,,,,
