NUMBER, DRIVER_NUMBER, LAP_NUMBER, LAP_TIME, LAP_IMPROVEMENT, CROSSING_FINISH_LINE_IN_PIT, S1, S1_IMPROVEMENT, S2, S2_IMPROVEMENT, S3, S3_IMPROVEMENT, KPH, ELAPSED, HOUR,S1_LARGE,S2_LARGE,S3_LARGE,TOP_SPEED,DRIVER_NAME,PIT_TIME,CLASS,GROUP,TEAM,MANUFACTURER,FLAG_AT_FL,S1_SECONDS,S2_SECONDS,S3_SECONDS,
12,1,1,2:36.393,0,,47.811,0,1:10.423,0,38.159,0,158.4,2:36.393,18:43:37.753,0:47.811,1:10.423,0:38.159,240.8,Maik Rosenberg,,PRO-AM,,Team GP Elite,,GF,47.811,70.423,38.159,
12,1,2,2:27.228,0,,40.590,0,1:09.237,0,37.401,0,171.3,5:03.621,18:46:04.981,0:40.590,1:09.237,0:37.401,253.2,Maik Rosenberg,,PRO-AM,,Team GP Elite,,GF,40.590,69.237,37.401,
12,1,3,2:25.986,0,,40.716,0,1:08.148,0,37.122,0,172.7,7:29.607,18:48:30.967,0:40.716,1:08.148,0:37.122,263.6,Maik Rosenberg,,PRO-AM,,Team GP Elite,,GF,40.716,68.148,37.122,
12,1,4,2:25.844,2,,40.755,0,1:07.994,0,37.095,2,172.9,9:55.451,18:50:56.811,0:40.755,1:07.994,0:37.095,260.5,Maik Rosenberg,,PRO-AM,,Team GP Elite,,GF,40.755,67.994,37.095,
12,1,5,2:26.518,0,,40.545,2,1:08.767,0,37.206,0,172.1,12:21.969,18:53:23.329,0:40.545,1:08.767,0:37.206,255.6,Maik Rosenberg,,PRO-AM,,Team GP Elite,,GF,40.545,68.767,37.206,
12,1,6,2:26.282,0,,40.871,0,1:08.031,0,37.380,0,172.4,14:48.251,18:55:49.611,0:40.871,1:08.031,0:37.380,263.0,Maik Rosenberg,,PRO-AM,,Team GP Elite,,GF,40.871,68.031,37.380,
12,1,7,2:26.238,0,,40.827,0,1:08.120,0,37.291,0,172.4,17:14.489,18:58:15.849,0:40.827,1:08.120,0:37.291,264.9,Maik Rosenberg,,PRO-AM,,Team GP Elite,,GF,40.827,68.120,37.291,
12,1,8,2:26.533,0,,40.775,0,1:08.278,0,37.480,0,172.1,19:41.022,19:00:42.382,0:40.775,1:08.278,0:37.480,263.0,Maik Rosenberg,,PRO-AM,,Team GP Elite,,GF,40.775,68.278,37.480,
12,1,9,2:27.074,0,,41.075,0,1:08.594,0,37.405,0,171.4,22:08.096,19:03:09.456,0:41.075,1:08.594,0:37.405,262.4,Maik Rosenberg,,PRO-AM,,Team GP Elite,,GF,41.075,68.594,37.405,
12,1,10,2:26.144,0,,40.827,0,1:07.919,2,37.398,0,172.5,24:34.240,19:05:35.600,0:40.827,1:07.919,0:37.398,264.9,Maik Rosenberg,,PRO-AM,,Team GP Elite,,FF,40.827,67.919,37.398,
13,1,1,2:30.040,0,,44.535,0,1:08.416,0,37.089,0,165.1,2:30.040,18:43:31.400,0:44.535,1:08.416,0:37.089,249.1,Mees Muller,,PRO,,PG Motorsport,,GF,44.535,68.416,37.089,
13,1,2,2:23.449,0,,39.938,0,1:06.622,0,36.889,0,175.8,4:53.489,18:45:54.849,0:39.938,1:06.622,0:36.889,270.9,Mees Muller,,PRO,,PG Motorsport,,GF,39.938,66.622,36.889,
13,1,3,2:23.408,0,,40.231,0,1:06.438,2,36.739,0,175.8,7:16.897,18:48:18.257,0:40.231,1:06.438,0:36.739,269.6,Mees Muller,,PRO,,PG Motorsport,,GF,40.231,66.438,36.739,
13,1,4,2:23.250,2,,40.121,2,1:06.612,0,36.517,2,176.0,9:40.147,18:50:41.507,0:40.121,1:06.612,0:36.517,269.6,Mees Muller,,PRO,,PG Motorsport,,GF,40.121,66.612,36.517,
13,1,5,2:23.533,0,,40.225,0,1:06.511,0,36.797,0,175.7,12:03.680,18:53:05.040,0:40.225,1:06.511,0:36.797,267.6,Mees Muller,,PRO,,PG Motorsport,,GF,40.225,66.511,36.797,
13,1,6,2:23.651,0,,40.128,0,1:06.696,0,36.827,0,175.5,14:27.331,18:55:28.691,0:40.128,1:06.696,0:36.827,269.6,Mees Muller,,PRO,,PG Motorsport,,GF,40.128,66.696,36.827,
13,1,7,2:23.845,0,,40.133,0,1:06.709,0,37.003,0,175.3,16:51.176,18:57:52.536,0:40.133,1:06.709,0:37.003,267.6,Mees Muller,,PRO,,PG Motorsport,,GF,40.133,66.709,37.003,
13,1,8,2:24.170,0,,40.414,0,1:06.830,0,36.926,0,174.9,19:15.346,19:00:16.706,0:40.414,1:06.830,0:36.926,267.6,Mees Muller,,PRO,,PG Motorsport,,GF,40.414,66.830,36.926,
13,1,9,2:24.216,0,,40.150,0,1:07.090,0,36.976,0,174.8,21:39.562,19:02:40.922,0:40.150,1:07.090,0:36.976,269.6,Mees Muller,,PRO,,PG Motorsport,,GF,40.150,67.090,36.976,
13,1,10,2:24.041,0,,40.127,0,1:06.887,0,37.027,0,175.0,24:03.603,19:05:04.963,0:40.127,1:06.887,0:37.027,266.2,Mees Muller,,PRO,,PG Motorsport,,FF,40.127,66.887,37.027,
18,1,1,2:31.950,0,,45.138,0,1:09.370,0,37.442,0,163.0,2:31.950,18:43:33.310,0:45.138,1:09.370,0:37.442,230.6,Henry Wheeler,,ROOKIE,,a-workx by KATANA Tools,,GF,45.138,69.370,37.442,
18,1,2,2:23.861,0,,40.163,0,1:06.873,0,36.825,0,175.3,4:55.811,18:45:57.171,0:40.163,1:06.873,0:36.825,268.2,Henry Wheeler,,ROOKIE,,a-workx by KATANA Tools,,GF,40.163,66.873,36.825,
18,1,3,2:24.253,0,,40.302,0,1:07.180,0,36.771,0,174.8,7:20.064,18:48:21.424,0:40.302,1:07.180,0:36.771,264.3,Henry Wheeler,,ROOKIE,,a-workx by KATANA Tools,,GF,40.302,67.180,36.771,
18,1,4,2:24.526,0,,40.122,0,1:07.517,0,36.887,0,174.5,9:44.590,18:50:45.950,0:40.122,1:07.517,0:36.887,266.2,Henry Wheeler,,ROOKIE,,a-workx by KATANA Tools,,GF,40.122,67.517,36.887,
18,1,5,2:23.933,0,,40.300,0,1:07.105,0,36.528,0,175.2,12:08.523,18:53:09.883,0:40.300,1:07.105,0:36.528,262.4,Henry Wheeler,,ROOKIE,,a-workx by KATANA Tools,,GF,40.300,67.105,36.528,
18,1,6,2:23.814,2,,40.132,2,1:07.023,0,36.659,2,175.3,14:32.337,18:55:33.697,0:40.132,1:07.023,0:36.659,267.6,Henry Wheeler,,ROOKIE,,a-workx by KATANA Tools,,GF,40.132,67.023,36.659,
18,1,7,2:25.029,0,,40.230,0,1:07.480,0,37.319,0,173.9,16:57.366,18:57:58.726,0:40.230,1:07.480,0:37.319,266.9,Henry Wheeler,,ROOKIE,,a-workx by KATANA Tools,,GF,40.230,67.480,37.319,
18,1,8,2:23.882,0,,40.257,0,1:06.801,0,36.824,0,175.2,19:21.248,19:00:22.608,0:40.257,1:06.801,0:36.824,267.6,Henry Wheeler,,ROOKIE,,a-workx by KATANA Tools,,GF,40.257,66.801,36.824,
18,1,9,2:24.257,0,,40.356,0,1:07.023,0,36.878,0,174.8,21:45.505,19:02:46.865,0:40.356,1:07.023,0:36.878,267.6,Henry Wheeler,,ROOKIE,,a-workx by KATANA Tools,,GF,40.356,67.023,36.878,
18,1,10,2:23.980,0,,40.212,0,1:06.743,2,37.025,0,175.1,24:09.485,19:05:10.845,0:40.212,1:06.743,0:37.025,267.6,Henry Wheeler,,ROOKIE,,a-workx by KATANA Tools,,FF,40.212,66.743,37.025,
19,1,1,2:32.927,0,,46.512,0,1:09.234,0,37.181,0,162.0,2:32.927,18:43:34.287,0:46.512,1:09.234,0:37.181,268.9,Dino van der Geest,,ROOKIE,,Team GP Elite,,GF,46.512,69.234,37.181,
19,1,2,2:24.399,0,,40.109,0,1:07.524,0,36.766,0,174.6,4:57.326,18:45:58.686,0:40.109,1:07.524,0:36.766,271.6,Dino van der Geest,,ROOKIE,,Team GP Elite,,GF,40.109,67.524,36.766,
19,1,3,2:25.629,0,,40.419,0,1:07.320,0,37.890,0,173.1,7:22.955,18:48:24.315,0:40.419,1:07.320,0:37.890,268.2,Dino van der Geest,,ROOKIE,,Team GP Elite,,GF,40.419,67.320,37.890,
19,1,4,2:25.593,0,,40.541,0,1:07.429,0,37.623,0,173.2,9:48.548,18:50:49.908,0:40.541,1:07.429,0:37.623,266.9,Dino van der Geest,,ROOKIE,,Team GP Elite,,GF,40.541,67.429,37.623,
19,1,5,2:24.679,0,,40.492,0,1:07.224,2,36.963,0,174.3,12:13.227,18:53:14.587,0:40.492,1:07.224,0:36.963,264.9,Dino van der Geest,,ROOKIE,,Team GP Elite,,GF,40.492,67.224,36.963,
19,1,6,2:24.641,0,,40.410,0,1:07.551,0,36.680,2,174.3,14:37.868,18:55:39.228,0:40.410,1:07.551,0:36.680,268.2,Dino van der Geest,,ROOKIE,,Team GP Elite,,GF,40.410,67.551,36.680,
19,1,7,2:25.145,0,,40.414,0,1:07.651,0,37.080,0,173.7,17:03.013,18:58:04.373,0:40.414,1:07.651,0:37.080,267.6,Dino van der Geest,,ROOKIE,,Team GP Elite,,GF,40.414,67.651,37.080,
19,1,8,2:24.415,2,,40.142,2,1:07.236,0,37.037,0,174.6,19:27.428,19:00:28.788,0:40.142,1:07.236,0:37.037,267.6,Dino van der Geest,,ROOKIE,,Team GP Elite,,GF,40.142,67.236,37.037,
19,1,9,2:25.490,0,,40.845,0,1:07.578,0,37.067,0,173.3,21:52.918,19:02:54.278,0:40.845,1:07.578,0:37.067,269.6,Dino van der Geest,,ROOKIE,,Team GP Elite,,GF,40.845,67.578,37.067,
19,1,10,2:25.890,0,,40.358,0,1:08.101,0,37.431,0,172.8,24:18.808,19:05:20.168,0:40.358,1:08.101,0:37.431,268.2,Dino van der Geest,,ROOKIE,,Team GP Elite,,FF,40.358,68.101,37.431,
2,1,1,2:24.277,0,,42.119,0,1:05.823,3,36.335,3,171.7,2:24.277,18:43:25.637,0:42.119,1:05.823,0:36.335,259.9,Alexander Hardt,,PRO,,a-workx by KATANA Tools,,GF,42.119,65.823,36.335,
2,1,2,2:23.502,0,,40.536,0,1:06.100,0,36.866,0,175.7,4:47.779,18:45:49.139,0:40.536,1:06.100,0:36.866,259.2,Alexander Hardt,,PRO,,a-workx by KATANA Tools,,GF,40.536,66.100,36.866,
2,1,3,2:23.528,0,,40.817,0,1:06.002,0,36.709,0,175.7,7:11.307,18:48:12.667,0:40.817,1:06.002,0:36.709,259.2,Alexander Hardt,,PRO,,a-workx by KATANA Tools,,GF,40.817,66.002,36.709,
2,1,4,2:22.830,0,,40.564,0,1:05.903,0,36.363,0,176.5,9:34.137,18:50:35.497,0:40.564,1:05.903,0:36.363,259.2,Alexander Hardt,,PRO,,a-workx by KATANA Tools,,GF,40.564,65.903,36.363,
2,1,5,2:22.606,0,,40.087,2,1:05.888,0,36.631,0,176.8,11:56.743,18:52:58.103,0:40.087,1:05.888,0:36.631,263.0,Alexander Hardt,,PRO,,a-workx by KATANA Tools,,GF,40.087,65.888,36.631,
2,1,6,2:23.262,0,,40.208,0,1:06.102,0,36.952,0,176.0,14:20.005,18:55:21.365,0:40.208,1:06.102,0:36.952,263.6,Alexander Hardt,,PRO,,a-workx by KATANA Tools,,GF,40.208,66.102,36.952,
2,1,7,2:22.967,0,,40.137,0,1:06.186,0,36.644,0,176.4,16:42.972,18:57:44.332,0:40.137,1:06.186,0:36.644,264.9,Alexander Hardt,,PRO,,a-workx by KATANA Tools,,GF,40.137,66.186,36.644,
2,1,8,2:22.839,2,,40.275,0,1:06.020,0,36.544,0,176.5,19:05.811,19:00:07.171,0:40.275,1:06.020,0:36.544,264.3,Alexander Hardt,,PRO,,a-workx by KATANA Tools,,GF,40.275,66.020,36.544,
2,1,9,2:23.091,0,,40.236,0,1:06.268,0,36.587,0,176.2,21:28.902,19:02:30.262,0:40.236,1:06.268,0:36.587,263.6,Alexander Hardt,,PRO,,a-workx by KATANA Tools,,GF,40.236,66.268,36.587,
2,1,10,2:23.522,0,,40.105,0,1:06.404,0,37.013,0,175.7,23:52.424,19:04:53.784,0:40.105,1:06.404,0:37.013,263.0,Alexander Hardt,,PRO,,a-workx by KATANA Tools,,FF,40.105,66.404,37.013,
22,1,1,2:26.111,0,,42.915,0,1:06.763,0,36.433,0,169.6,2:26.111,18:43:27.471,0:42.915,1:06.763,0:36.433,259.2,Frank Porte Ruiz,,PRO,,NGT Racing,,GF,42.915,66.763,36.433,
22,1,2,2:22.683,2,,40.007,2,1:06.130,0,36.546,2,176.7,4:48.794,18:45:50.154,0:40.007,1:06.130,0:36.546,266.9,Frank Porte Ruiz,,PRO,,NGT Racing,,GF,40.007,66.130,36.546,
22,1,3,2:22.937,0,,40.139,0,1:06.204,0,36.594,0,176.4,7:11.731,18:48:13.091,0:40.139,1:06.204,0:36.594,259.9,Frank Porte Ruiz,,PRO,,NGT Racing,,GF,40.139,66.204,36.594,
22,1,4,2:23.279,0,,40.320,0,1:06.376,0,36.583,0,176.0,9:35.010,18:50:36.370,0:40.320,1:06.376,0:36.583,253.2,Frank Porte Ruiz,,PRO,,NGT Racing,,GF,40.320,66.376,36.583,
22,1,5,2:22.723,0,,40.102,0,1:05.967,2,36.654,0,176.7,11:57.733,18:52:59.093,0:40.102,1:05.967,0:36.654,266.9,Frank Porte Ruiz,,PRO,,NGT Racing,,GF,40.102,65.967,36.654,
22,1,6,2:22.971,0,,40.026,0,1:06.287,0,36.658,0,176.4,14:20.704,18:55:22.064,0:40.026,1:06.287,0:36.658,268.2,Frank Porte Ruiz,,PRO,,NGT Racing,,GF,40.026,66.287,36.658,
22,1,7,2:23.250,0,,40.069,0,1:06.580,0,36.601,0,176.0,16:43.954,18:57:45.314,0:40.069,1:06.580,0:36.601,268.2,Frank Porte Ruiz,,PRO,,NGT Racing,,GF,40.069,66.580,36.601,
22,1,8,2:23.320,0,,40.179,0,1:06.451,0,36.690,0,175.9,19:07.274,19:00:08.634,0:40.179,1:06.451,0:36.690,266.9,Frank Porte Ruiz,,PRO,,NGT Racing,,GF,40.179,66.451,36.690,
22,1,9,2:23.551,0,,40.145,0,1:06.486,0,36.920,0,175.6,21:30.825,19:02:32.185,0:40.145,1:06.486,0:36.920,268.2,Frank Porte Ruiz,,PRO,,NGT Racing,,GF,40.145,66.486,36.920,
22,1,10,2:23.377,0,,40.197,0,1:06.446,0,36.734,0,175.9,23:54.202,19:04:55.562,0:40.197,1:06.446,0:36.734,267.6,Frank Porte Ruiz,,PRO,,NGT Racing,,FF,40.197,66.446,36.734,
27,1,1,2:29.583,0,,44.376,0,1:08.266,0,36.941,0,165.6,2:29.583,18:43:30.943,0:44.376,1:08.266,0:36.941,259.2,Tio Ellinas,,PRO,,Quanloop EST1 Racing,,GF,44.376,68.266,36.941,
27,1,2,2:23.408,0,,39.875,0,1:06.705,0,36.828,0,175.8,4:52.991,18:45:54.351,0:39.875,1:06.705,0:36.828,269.6,Tio Ellinas,,PRO,,Quanloop EST1 Racing,,GF,39.875,66.705,36.828,
27,1,3,2:23.089,0,,40.248,0,1:06.258,0,36.583,0,176.2,7:16.080,18:48:17.440,0:40.248,1:06.258,0:36.583,268.2,Tio Ellinas,,PRO,,Quanloop EST1 Racing,,GF,40.248,66.258,36.583,
27,1,4,2:22.853,2,,40.266,0,1:06.140,2,36.447,2,176.5,9:38.933,18:50:40.293,0:40.266,1:06.140,0:36.447,267.6,Tio Ellinas,,PRO,,Quanloop EST1 Racing,,GF,40.266,66.140,36.447,
27,1,5,2:23.206,0,,40.115,0,1:06.462,0,36.629,0,176.1,12:02.139,18:53:03.499,0:40.115,1:06.462,0:36.629,270.2,Tio Ellinas,,PRO,,Quanloop EST1 Racing,,GF,40.115,66.462,36.629,
27,1,6,2:22.903,0,,40.015,2,1:06.281,0,36.607,0,176.4,14:25.042,18:55:26.402,0:40.015,1:06.281,0:36.607,270.2,Tio Ellinas,,PRO,,Quanloop EST1 Racing,,GF,40.015,66.281,36.607,
27,1,7,2:23.011,0,,40.045,0,1:06.345,0,36.621,0,176.3,16:48.053,18:57:49.413,0:40.045,1:06.345,0:36.621,270.2,Tio Ellinas,,PRO,,Quanloop EST1 Racing,,GF,40.045,66.345,36.621,
27,1,8,2:23.554,0,,40.190,0,1:06.399,0,36.965,0,175.6,19:11.607,19:00:12.967,0:40.190,1:06.399,0:36.965,269.6,Tio Ellinas,,PRO,,Quanloop EST1 Racing,,GF,40.190,66.399,36.965,
27,1,9,2:25.422,0,,40.243,0,1:08.228,0,36.951,0,173.4,21:37.029,19:02:38.389,0:40.243,1:08.228,0:36.951,268.9,Tio Ellinas,,PRO,,Quanloop EST1 Racing,,GF,40.243,68.228,36.951,
27,1,10,2:24.082,0,,40.173,0,1:06.924,0,36.985,0,175.0,24:01.111,19:05:02.471,0:40.173,1:06.924,0:36.985,266.2,Tio Ellinas,,PRO,,Quanloop EST1 Racing,,FF,40.173,66.924,36.985,
28,1,1,2:27.108,0,,43.060,0,1:07.206,0,36.842,0,168.4,2:27.108,18:43:28.468,0:43.060,1:07.206,0:36.842,259.9,Alexander Reimann,,PRO,,Quanloop EST1 Racing,,GF,43.060,67.206,36.842,
28,1,2,2:22.628,2,,39.865,2,1:06.067,2,36.696,0,176.8,4:49.736,18:45:51.096,0:39.865,1:06.067,0:36.696,270.2,Alexander Reimann,,PRO,,Quanloop EST1 Racing,,GF,39.865,66.067,36.696,
28,1,3,2:22.739,0,,39.998,0,1:06.164,0,36.577,2,176.6,7:12.475,18:48:13.835,0:39.998,1:06.164,0:36.577,269.6,Alexander Reimann,,PRO,,Quanloop EST1 Racing,,GF,39.998,66.164,36.577,
28,1,4,2:23.182,0,,40.004,0,1:06.389,0,36.789,0,176.1,9:35.657,18:50:37.017,0:40.004,1:06.389,0:36.789,261.7,Alexander Reimann,,PRO,,Quanloop EST1 Racing,,GF,40.004,66.389,36.789,
28,1,5,2:22.741,0,,39.928,0,1:06.132,0,36.681,0,176.6,11:58.398,18:52:59.758,0:39.928,1:06.132,0:36.681,269.6,Alexander Reimann,,PRO,,Quanloop EST1 Racing,,GF,39.928,66.132,36.681,
28,1,6,2:23.199,0,,40.146,0,1:06.223,0,36.830,0,176.1,14:21.597,18:55:22.957,0:40.146,1:06.223,0:36.830,268.9,Alexander Reimann,,PRO,,Quanloop EST1 Racing,,GF,40.146,66.223,36.830,
28,1,7,2:23.295,0,,40.038,0,1:06.572,0,36.685,0,176.0,16:44.892,18:57:46.252,0:40.038,1:06.572,0:36.685,268.9,Alexander Reimann,,PRO,,Quanloop EST1 Racing,,GF,40.038,66.572,36.685,
28,1,8,2:23.312,0,,40.121,0,1:06.333,0,36.858,0,175.9,19:08.204,19:00:09.564,0:40.121,1:06.333,0:36.858,269.6,Alexander Reimann,,PRO,,Quanloop EST1 Racing,,GF,40.121,66.333,36.858,
28,1,9,2:23.308,0,,40.202,0,1:06.325,0,36.781,0,175.9,21:31.512,19:02:32.872,0:40.202,1:06.325,0:36.781,268.9,Alexander Reimann,,PRO,,Quanloop EST1 Racing,,GF,40.202,66.325,36.781,
28,1,10,2:23.667,0,,40.283,0,1:06.579,0,36.805,0,175.5,23:55.179,19:04:56.539,0:40.283,1:06.579,0:36.805,269.6,Alexander Reimann,,PRO,,Quanloop EST1 Racing,,FF,40.283,66.579,36.805,
29,1,1,2:34.213,0,,46.519,0,1:10.310,0,37.384,0,160.7,2:34.213,18:43:35.573,0:46.519,1:10.310,0:37.384,255.0,Jesse Polderdijk,,ROOKIE,,Ajith - RedAnt Racing,,GF,46.519,70.310,37.384,
29,1,2,2:26.053,0,,40.744,0,1:08.127,0,37.182,0,172.6,5:00.266,18:46:01.626,0:40.744,1:08.127,0:37.182,263.0,Jesse Polderdijk,,ROOKIE,,Ajith - RedAnt Racing,,GF,40.744,68.127,37.182,
29,1,3,2:24.367,2,,40.464,0,1:07.088,2,36.815,2,174.7,7:24.633,18:48:25.993,0:40.464,1:07.088,0:36.815,269.6,Jesse Polderdijk,,ROOKIE,,Ajith - RedAnt Racing,,GF,40.464,67.088,36.815,
29,1,4,2:25.022,0,,40.785,0,1:07.288,0,36.949,0,173.9,9:49.655,18:50:51.015,0:40.785,1:07.288,0:36.949,264.9,Jesse Polderdijk,,ROOKIE,,Ajith - RedAnt Racing,,GF,40.785,67.288,36.949,
29,1,5,2:25.276,0,,40.354,0,1:08.012,0,36.910,0,173.6,12:14.931,18:53:16.291,0:40.354,1:08.012,0:36.910,267.6,Jesse Polderdijk,,ROOKIE,,Ajith - RedAnt Racing,,GF,40.354,68.012,36.910,
29,1,6,2:25.242,0,,40.335,2,1:07.860,0,37.047,0,173.6,14:40.173,18:55:41.533,0:40.335,1:07.860,0:37.047,243.0,Jesse Polderdijk,,ROOKIE,,Ajith - RedAnt Racing,,GF,40.335,67.860,37.047,
29,1,7,2:26.026,0,,40.792,0,1:07.977,0,37.257,0,172.7,17:06.199,18:58:07.559,0:40.792,1:07.977,0:37.257,265.6,Jesse Polderdijk,,ROOKIE,,Ajith - RedAnt Racing,,GF,40.792,67.977,37.257,
29,1,8,2:25.197,0,,40.810,0,1:07.321,0,37.066,0,173.7,19:31.396,19:00:32.756,0:40.810,1:07.321,0:37.066,266.9,Jesse Polderdijk,,ROOKIE,,Ajith - RedAnt Racing,,GF,40.810,67.321,37.066,
29,1,9,2:25.021,0,,40.342,0,1:07.750,0,36.929,0,173.9,21:56.417,19:02:57.777,0:40.342,1:07.750,0:36.929,268.9,Jesse Polderdijk,,ROOKIE,,Ajith - RedAnt Racing,,GF,40.342,67.750,36.929,
29,1,10,2:25.481,0,,40.870,0,1:07.281,0,37.330,0,173.3,24:21.898,19:05:23.258,0:40.870,1:07.281,0:37.330,265.6,Jesse Polderdijk,,ROOKIE,,Ajith - RedAnt Racing,,FF,40.870,67.281,37.330,
32,1,1,2:30.789,0,,44.877,0,1:08.711,0,37.201,0,164.3,2:30.789,18:43:32.149,0:44.877,1:08.711,0:37.201,261.7,Robin Knutsson,,PRO,,NGT Racing,,GF,44.877,68.711,37.201,
32,1,2,2:23.833,0,,40.107,0,1:06.570,0,37.156,0,175.3,4:54.622,18:45:55.982,0:40.107,1:06.570,0:37.156,270.2,Robin Knutsson,,PRO,,NGT Racing,,GF,40.107,66.570,37.156,
32,1,3,2:23.592,0,,40.462,0,1:06.119,2,37.011,0,175.6,7:18.214,18:48:19.574,0:40.462,1:06.119,0:37.011,266.2,Robin Knutsson,,PRO,,NGT Racing,,GF,40.462,66.119,37.011,
32,1,4,2:23.192,2,,40.142,2,1:06.300,0,36.750,2,176.1,9:41.406,18:50:42.766,0:40.142,1:06.300,0:36.750,269.6,Robin Knutsson,,PRO,,NGT Racing,,GF,40.142,66.300,36.750,
32,1,5,2:23.723,0,,40.182,0,1:06.757,0,36.784,0,175.4,12:05.129,18:53:06.489,0:40.182,1:06.757,0:36.784,269.6,Robin Knutsson,,PRO,,NGT Racing,,GF,40.182,66.757,36.784,
32,1,6,2:23.836,0,,40.370,0,1:06.604,0,36.862,0,175.3,14:28.965,18:55:30.325,0:40.370,1:06.604,0:36.862,268.2,Robin Knutsson,,PRO,,NGT Racing,,GF,40.370,66.604,36.862,
32,1,7,2:24.681,0,,40.716,0,1:06.868,0,37.097,0,174.3,16:53.646,18:57:55.006,0:40.716,1:06.868,0:37.097,268.9,Robin Knutsson,,PRO,,NGT Racing,,GF,40.716,66.868,37.097,
32,1,8,2:24.055,0,,40.365,0,1:06.702,0,36.988,0,175.0,19:17.701,19:00:19.061,0:40.365,1:06.702,0:36.988,264.9,Robin Knutsson,,PRO,,NGT Racing,,GF,40.365,66.702,36.988,
32,1,9,2:24.000,0,,40.243,0,1:06.936,0,36.821,0,175.1,21:41.701,19:02:43.061,0:40.243,1:06.936,0:36.821,267.6,Robin Knutsson,,PRO,,NGT Racing,,GF,40.243,66.936,36.821,
32,1,10,2:23.834,0,,40.257,0,1:06.545,0,37.032,0,175.3,24:05.535,19:05:06.895,0:40.257,1:06.545,0:37.032,268.2,Robin Knutsson,,PRO,,NGT Racing,,FF,40.257,66.545,37.032,
39,1,1,2:35.236,0,,46.944,0,1:10.533,0,37.759,0,159.6,2:35.236,18:43:36.596,0:46.944,1:10.533,0:37.759,254.4,Jani Kakela,,PRO-AM,,39 Racing,,GF,46.944,70.533,37.759,
39,1,2,2:26.385,0,,40.395,0,1:08.709,0,37.281,0,172.2,5:01.621,18:46:02.981,0:40.395,1:08.709,0:37.281,270.9,Jani Kakela,,PRO-AM,,39 Racing,,GF,40.395,68.709,37.281,
39,1,3,2:24.809,0,,40.180,2,1:07.516,0,37.113,0,174.1,7:26.430,18:48:27.790,0:40.180,1:07.516,0:37.113,271.6,Jani Kakela,,PRO-AM,,39 Racing,,GF,40.180,67.516,37.113,
39,1,4,2:26.735,0,,40.296,0,1:08.260,0,38.179,0,171.8,9:53.165,18:50:54.525,0:40.296,1:08.260,0:38.179,270.2,Jani Kakela,,PRO-AM,,39 Racing,,GF,40.296,68.260,38.179,
39,1,5,2:24.928,0,,40.670,0,1:07.251,0,37.007,2,174.0,12:18.093,18:53:19.453,0:40.670,1:07.251,0:37.007,266.9,Jani Kakela,,PRO-AM,,39 Racing,,GF,40.670,67.251,37.007,
39,1,6,2:24.562,2,,40.376,0,1:07.127,2,37.059,0,174.4,14:42.655,18:55:44.015,0:40.376,1:07.127,0:37.059,267.6,Jani Kakela,,PRO-AM,,39 Racing,,GF,40.376,67.127,37.059,
39,1,7,2:25.293,0,,40.693,0,1:07.375,0,37.225,0,173.5,17:07.948,18:58:09.308,0:40.693,1:07.375,0:37.225,267.6,Jani Kakela,,PRO-AM,,39 Racing,,GF,40.693,67.375,37.225,
39,1,8,2:25.069,0,,40.368,0,1:07.560,0,37.141,0,173.8,19:33.017,19:00:34.377,0:40.368,1:07.560,0:37.141,269.6,Jani Kakela,,PRO-AM,,39 Racing,,GF,40.368,67.560,37.141,
39,1,9,2:25.657,0,,40.426,0,1:07.851,0,37.380,0,173.1,21:58.674,19:03:00.034,0:40.426,1:07.851,0:37.380,268.2,Jani Kakela,,PRO-AM,,39 Racing,,GF,40.426,67.851,37.380,
39,1,10,2:25.594,0,,40.578,0,1:07.635,0,37.381,0,173.2,24:24.268,19:05:25.628,0:40.578,1:07.635,0:37.381,268.9,Jani Kakela,,PRO-AM,,39 Racing,,FF,40.578,67.635,37.381,
44,1,1,2:35.763,0,,47.250,0,1:10.599,0,37.914,0,159.1,2:35.763,18:43:37.123,0:47.250,1:10.599,0:37.914,256.2,Jakub Twarog,,ROOKIE,,JW Raceservice,,GF,47.250,70.599,37.914,
44,1,2,2:27.090,0,,40.193,0,1:08.644,0,38.253,0,171.4,5:02.853,18:46:04.213,0:40.193,1:08.644,0:38.253,264.9,Jakub Twarog,,ROOKIE,,JW Raceservice,,GF,40.193,68.644,38.253,
44,1,3,2:24.903,0,,40.292,0,1:07.200,0,37.411,0,174.0,7:27.756,18:48:29.116,0:40.292,1:07.200,0:37.411,270.2,Jakub Twarog,,ROOKIE,,JW Raceservice,,GF,40.292,67.200,37.411,
44,1,4,2:26.442,0,,40.188,0,1:07.310,0,38.944,0,172.2,9:54.198,18:50:55.558,0:40.188,1:07.310,0:38.944,267.6,Jakub Twarog,,ROOKIE,,JW Raceservice,,GF,40.188,67.310,38.944,
44,1,5,2:26.041,0,,41.052,0,1:07.345,0,37.644,0,172.7,12:20.239,18:53:21.599,0:41.052,1:07.345,0:37.644,265.6,Jakub Twarog,,ROOKIE,,JW Raceservice,,GF,41.052,67.345,37.644,
44,1,6,2:24.825,0,,40.581,0,1:07.175,2,37.069,2,174.1,14:45.064,18:55:46.424,0:40.581,1:07.175,0:37.069,267.6,Jakub Twarog,,ROOKIE,,JW Raceservice,,GF,40.581,67.175,37.069,
44,1,7,2:26.404,0,,40.472,0,1:07.336,0,38.596,0,172.2,17:11.468,18:58:12.828,0:40.472,1:07.336,0:38.596,265.6,Jakub Twarog,,ROOKIE,,JW Raceservice,,GF,40.472,67.336,38.596,
44,1,8,2:25.757,0,,40.438,0,1:07.733,0,37.586,0,173.0,19:37.225,19:00:38.585,0:40.438,1:07.733,0:37.586,267.6,Jakub Twarog,,ROOKIE,,JW Raceservice,,GF,40.438,67.733,37.586,
44,1,9,2:25.072,2,,40.412,2,1:07.236,0,37.424,0,173.8,22:02.297,19:03:03.657,0:40.412,1:07.236,0:37.424,266.9,Jakub Twarog,,ROOKIE,,JW Raceservice,,GF,40.412,67.236,37.424,
44,1,10,2:24.808,0,,40.294,0,1:07.187,0,37.327,0,174.1,24:27.105,19:05:28.465,0:40.294,1:07.187,0:37.327,266.2,Jakub Twarog,,ROOKIE,,JW Raceservice,,FF,40.294,67.187,37.327,
5,1,1,2:33.365,0,,45.712,0,1:10.254,0,37.399,0,161.5,2:33.365,18:43:34.725,0:45.712,1:10.254,0:37.399,240.3,Joep Breedveld,,ROOKIE,,Team RaceArt,,GF,45.712,70.254,37.399,
5,1,2,2:26.578,0,,40.240,0,1:08.982,0,37.356,0,172.0,4:59.943,18:46:01.303,0:40.240,1:08.982,0:37.356,269.6,Joep Breedveld,,ROOKIE,,Team RaceArt,,GF,40.240,68.982,37.356,
5,1,3,2:24.148,0,,40.355,0,1:06.691,0,37.102,0,174.9,7:24.091,18:48:25.451,0:40.355,1:06.691,0:37.102,270.2,Joep Breedveld,,ROOKIE,,Team RaceArt,,GF,40.355,66.691,37.102,
5,1,4,2:25.054,0,,40.249,0,1:07.325,0,37.480,0,173.8,9:49.145,18:50:50.505,0:40.249,1:07.325,0:37.480,267.6,Joep Breedveld,,ROOKIE,,Team RaceArt,,GF,40.249,67.325,37.480,
5,1,5,2:24.433,0,,40.330,0,1:07.185,0,36.918,0,174.6,12:13.578,18:53:14.938,0:40.330,1:07.185,0:36.918,268.9,Joep Breedveld,,ROOKIE,,Team RaceArt,,GF,40.330,67.185,36.918,
5,1,6,2:25.150,0,,40.134,2,1:08.140,0,36.876,2,173.7,14:38.728,18:55:40.088,0:40.134,1:08.140,0:36.876,270.2,Joep Breedveld,,ROOKIE,,Team RaceArt,,GF,40.134,68.140,36.876,
5,1,7,2:24.619,0,,40.172,0,1:07.157,0,37.290,0,174.3,17:03.347,18:58:04.707,0:40.172,1:07.157,0:37.290,268.2,Joep Breedveld,,ROOKIE,,Team RaceArt,,GF,40.172,67.157,37.290,
5,1,8,2:24.349,0,,40.308,0,1:07.065,0,36.976,0,174.7,19:27.696,19:00:29.056,0:40.308,1:07.065,0:36.976,266.2,Joep Breedveld,,ROOKIE,,Team RaceArt,,GF,40.308,67.065,36.976,
5,1,9,2:24.127,2,,40.316,0,1:06.580,2,37.231,0,174.9,21:51.823,19:02:53.183,0:40.316,1:06.580,0:37.231,267.6,Joep Breedveld,,ROOKIE,,Team RaceArt,,GF,40.316,66.580,37.231,
5,1,10,2:24.273,0,,40.318,0,1:06.652,0,37.303,0,174.8,24:16.096,19:05:17.456,0:40.318,1:06.652,0:37.303,267.6,Joep Breedveld,,ROOKIE,,Team RaceArt,,FF,40.318,66.652,37.303,
55,1,1,2:32.561,0,,45.456,0,1:09.546,0,37.559,0,162.4,2:32.561,18:43:33.921,0:45.456,1:09.546,0:37.559,239.7,Karol Kr?t,,PRO,,JW Raceservice,,GF,45.456,69.546,37.559,
55,1,2,2:26.730,0,,40.432,0,1:09.360,0,36.938,0,171.8,4:59.291,18:46:00.651,0:40.432,1:09.360,0:36.938,254.4,Karol Kr?t,,PRO,,JW Raceservice,,GF,40.432,69.360,36.938,
55,1,3,2:24.033,2,,40.007,2,1:06.977,2,37.049,0,175.1,7:23.324,18:48:24.684,0:40.007,1:06.977,0:37.049,268.9,Karol Kr?t,,PRO,,JW Raceservice,,GF,40.007,66.977,37.049,
55,1,4,2:25.536,0,,40.271,0,1:07.789,0,37.476,0,173.3,9:48.860,18:50:50.220,0:40.271,1:07.789,0:37.476,266.9,Karol Kr?t,,PRO,,JW Raceservice,,GF,40.271,67.789,37.476,
55,1,5,2:25.288,0,,41.074,0,1:07.473,0,36.741,2,173.5,12:14.148,18:53:15.508,0:41.074,1:07.473,0:36.741,266.9,Karol Kr?t,,PRO,,JW Raceservice,,GF,41.074,67.473,36.741,
55,1,6,2:25.097,0,,40.060,0,1:07.998,0,37.039,0,173.8,14:39.245,18:55:40.605,0:40.060,1:07.998,0:37.039,268.2,Karol Kr?t,,PRO,,JW Raceservice,,GF,40.060,67.998,37.039,
55,1,7,2:24.573,0,,40.158,0,1:07.411,0,37.004,0,174.4,17:03.818,18:58:05.178,0:40.158,1:07.411,0:37.004,268.9,Karol Kr?t,,PRO,,JW Raceservice,,GF,40.158,67.411,37.004,
55,1,8,2:24.503,0,,40.076,0,1:07.621,0,36.806,0,174.5,19:28.321,19:00:29.681,0:40.076,1:07.621,0:36.806,268.9,Karol Kr?t,,PRO,,JW Raceservice,,GF,40.076,67.621,36.806,
55,1,9,2:25.310,0,,40.183,0,1:08.098,0,37.029,0,173.5,21:53.631,19:02:54.991,0:40.183,1:08.098,0:37.029,259.2,Karol Kr?t,,PRO,,JW Raceservice,,GF,40.183,68.098,37.029,
55,1,10,2:25.371,0,,40.092,0,1:08.108,0,37.171,0,173.4,24:19.002,19:05:20.362,0:40.092,1:08.108,0:37.171,268.9,Karol Kr?t,,PRO,,JW Raceservice,,FF,40.092,68.108,37.171,
63,1,1,2:31.380,0,,45.406,0,1:08.782,0,37.192,0,163.7,2:31.380,18:43:32.740,0:45.406,1:08.782,0:37.192,255.6,Arthur Peters,,ROOKIE,,Team RaceArt,,GF,45.406,68.782,37.192,
63,1,2,2:23.907,0,,40.183,0,1:06.805,0,36.919,0,175.2,4:55.287,18:45:56.647,0:40.183,1:06.805,0:36.919,268.2,Arthur Peters,,ROOKIE,,Team RaceArt,,GF,40.183,66.805,36.919,
63,1,3,2:24.226,0,,40.685,0,1:06.704,0,36.837,0,174.8,7:19.513,18:48:20.873,0:40.685,1:06.704,0:36.837,264.9,Arthur Peters,,ROOKIE,,Team RaceArt,,GF,40.685,66.704,36.837,
63,1,4,2:24.735,0,,40.399,0,1:07.446,0,36.890,0,174.2,9:44.248,18:50:45.608,0:40.399,1:07.446,0:36.890,263.6,Arthur Peters,,ROOKIE,,Team RaceArt,,GF,40.399,67.446,36.890,
63,1,5,2:23.420,2,,40.209,0,1:06.382,2,36.829,2,175.8,12:07.668,18:53:09.028,0:40.209,1:06.382,0:36.829,266.2,Arthur Peters,,ROOKIE,,Team RaceArt,,GF,40.209,66.382,36.829,
63,1,6,2:23.997,0,,40.176,0,1:06.791,0,37.030,0,175.1,14:31.665,18:55:33.025,0:40.176,1:06.791,0:37.030,267.6,Arthur Peters,,ROOKIE,,Team RaceArt,,GF,40.176,66.791,37.030,
63,1,7,2:24.052,0,,39.992,2,1:06.962,0,37.098,0,175.0,16:55.717,18:57:57.077,0:39.992,1:06.962,0:37.098,268.2,Arthur Peters,,ROOKIE,,Team RaceArt,,GF,39.992,66.962,37.098,
63,1,8,2:24.305,0,,40.366,0,1:06.781,0,37.158,0,174.7,19:20.022,19:00:21.382,0:40.366,1:06.781,0:37.158,266.9,Arthur Peters,,ROOKIE,,Team RaceArt,,GF,40.366,66.781,37.158,
63,1,9,2:24.525,0,,40.099,0,1:07.340,0,37.086,0,174.5,21:44.547,19:02:45.907,0:40.099,1:07.340,0:37.086,267.6,Arthur Peters,,ROOKIE,,Team RaceArt,,GF,40.099,67.340,37.086,
63,1,10,2:24.689,0,,40.192,0,1:07.079,0,37.418,0,174.3,24:09.236,19:05:10.596,0:40.192,1:07.079,0:37.418,266.9,Arthur Peters,,ROOKIE,,Team RaceArt,,FF,40.192,67.079,37.418,
69,1,1,2:27.966,0,,43.210,0,1:07.908,0,36.848,0,167.4,2:27.966,18:43:29.326,0:43.210,1:07.908,0:36.848,238.2,Jaap van Lagen,,PRO,,Team RaceArt,,GF,43.210,67.908,36.848,
69,1,2,2:22.238,3,,39.731,2,1:06.023,0,36.484,2,177.3,4:50.204,18:45:51.564,0:39.731,1:06.023,0:36.484,270.2,Jaap van Lagen,,PRO,,Team RaceArt,,GF,39.731,66.023,36.484,
69,1,3,2:22.658,0,,40.089,0,1:05.993,2,36.576,0,176.7,7:12.862,18:48:14.222,0:40.089,1:05.993,0:36.576,267.6,Jaap van Lagen,,PRO,,Team RaceArt,,GF,40.089,65.993,36.576,
69,1,4,2:23.378,0,,40.091,0,1:06.418,0,36.869,0,175.9,9:36.240,18:50:37.600,0:40.091,1:06.418,0:36.869,267.6,Jaap van Lagen,,PRO,,Team RaceArt,,GF,40.091,66.418,36.869,
69,1,5,2:22.736,0,,40.131,0,1:06.023,0,36.582,0,176.6,11:58.976,18:53:00.336,0:40.131,1:06.023,0:36.582,266.9,Jaap van Lagen,,PRO,,Team RaceArt,,GF,40.131,66.023,36.582,
69,1,6,2:23.048,0,,40.212,0,1:06.247,0,36.589,0,176.3,14:22.024,18:55:23.384,0:40.212,1:06.247,0:36.589,267.6,Jaap van Lagen,,PRO,,Team RaceArt,,GF,40.212,66.247,36.589,
69,1,7,2:23.937,0,,39.860,0,1:07.048,0,37.029,0,175.2,16:45.961,18:57:47.321,0:39.860,1:07.048,0:37.029,269.6,Jaap van Lagen,,PRO,,Team RaceArt,,GF,39.860,67.048,37.029,
69,1,8,2:23.301,0,,40.289,0,1:06.126,0,36.886,0,176.0,19:09.262,19:00:10.622,0:40.289,1:06.126,0:36.886,268.2,Jaap van Lagen,,PRO,,Team RaceArt,,GF,40.289,66.126,36.886,
69,1,9,2:23.186,0,,39.988,0,1:06.601,0,36.597,0,176.1,21:32.448,19:02:33.808,0:39.988,1:06.601,0:36.597,269.6,Jaap van Lagen,,PRO,,Team RaceArt,,GF,39.988,66.601,36.597,
69,1,10,2:23.817,0,,40.095,0,1:06.492,0,37.230,0,175.3,23:56.265,19:04:57.625,0:40.095,1:06.492,0:37.230,269.6,Jaap van Lagen,,PRO,,Team RaceArt,,FF,40.095,66.492,37.230,
72,1,1,2:34.695,0,,47.232,0,1:09.807,0,37.656,0,160.2,2:34.695,18:43:36.055,0:47.232,1:09.807,0:37.656,243.5,Ali Aljuffali,,ROOKIE,,Quanloop EST1 Racing,,GF,47.232,69.807,37.656,
72,1,2,2:26.499,0,,40.371,0,1:08.848,0,37.280,0,172.1,5:01.194,18:46:02.554,0:40.371,1:08.848,0:37.280,256.2,Ali Aljuffali,,ROOKIE,,Quanloop EST1 Racing,,GF,40.371,68.848,37.280,
72,1,3,2:24.594,2,,40.090,2,1:07.527,0,36.977,0,174.4,7:25.788,18:48:27.148,0:40.090,1:07.527,0:36.977,270.2,Ali Aljuffali,,ROOKIE,,Quanloop EST1 Racing,,GF,40.090,67.527,36.977,
72,1,4,2:28.290,0,,40.464,0,1:08.480,0,39.346,0,170.0,9:54.078,18:50:55.438,0:40.464,1:08.480,0:39.346,268.2,Ali Aljuffali,,ROOKIE,,Quanloop EST1 Racing,,GF,40.464,68.480,39.346,
72,1,5,2:24.923,0,,40.771,0,1:07.388,0,36.764,0,174.0,12:19.001,18:53:20.361,0:40.771,1:07.388,0:36.764,266.2,Ali Aljuffali,,ROOKIE,,Quanloop EST1 Racing,,GF,40.771,67.388,36.764,
72,1,6,2:25.362,0,,40.115,0,1:07.837,0,37.410,0,173.5,14:44.363,18:55:45.723,0:40.115,1:07.837,0:37.410,269.6,Ali Aljuffali,,ROOKIE,,Quanloop EST1 Racing,,GF,40.115,67.837,37.410,
72,1,7,2:25.345,0,,40.296,0,1:07.793,0,37.256,0,173.5,17:09.708,18:58:11.068,0:40.296,1:07.793,0:37.256,267.6,Ali Aljuffali,,ROOKIE,,Quanloop EST1 Racing,,GF,40.296,67.793,37.256,
72,1,8,2:24.639,0,,40.355,0,1:07.348,2,36.936,2,174.3,19:34.347,19:00:35.707,0:40.355,1:07.348,0:36.936,267.6,Ali Aljuffali,,ROOKIE,,Quanloop EST1 Racing,,GF,40.355,67.348,36.936,
72,1,9,2:26.216,0,,40.206,0,1:08.599,0,37.411,0,172.4,22:00.563,19:03:01.923,0:40.206,1:08.599,0:37.411,268.2,Ali Aljuffali,,ROOKIE,,Quanloop EST1 Racing,,GF,40.206,68.599,37.411,
72,1,10,2:25.580,0,,40.190,0,1:07.885,0,37.505,0,173.2,24:26.143,19:05:27.503,0:40.190,1:07.885,0:37.505,268.9,Ali Aljuffali,,ROOKIE,,Quanloop EST1 Racing,,FF,40.190,67.885,37.505,
77,1,1,2:38.745,0,,44.558,0,1:17.623,0,36.564,2,156.1,2:38.745,18:43:40.105,0:44.558,1:17.623,0:36.564,267.6,David Dziwok,,ROOKIE,,Team GP Elite,,GF,44.558,77.623,36.564,
77,1,2,2:23.786,0,,39.831,2,1:06.850,0,37.105,0,175.4,5:02.531,18:46:03.891,0:39.831,1:06.850,0:37.105,270.2,David Dziwok,,ROOKIE,,Team GP Elite,,GF,39.831,66.850,37.105,
77,1,3,2:24.109,0,,39.763,0,1:07.268,0,37.078,0,175.0,7:26.640,18:48:28.000,0:39.763,1:07.268,0:37.078,272.9,David Dziwok,,ROOKIE,,Team GP Elite,,GF,39.763,67.268,37.078,
77,1,4,2:24.994,0,,40.498,0,1:07.606,0,36.890,0,173.9,9:51.634,18:50:52.994,0:40.498,1:07.606,0:36.890,268.9,David Dziwok,,ROOKIE,,Team GP Elite,,GF,40.498,67.606,36.890,
77,1,5,2:23.657,2,,40.027,0,1:06.621,2,37.009,0,175.5,12:15.291,18:53:16.651,0:40.027,1:06.621,0:37.009,268.2,David Dziwok,,ROOKIE,,Team GP Elite,,GF,40.027,66.621,37.009,
77,1,6,2:24.357,0,,39.947,0,1:07.154,0,37.256,0,174.7,14:39.648,18:55:41.008,0:39.947,1:07.154,0:37.256,274.3,David Dziwok,,ROOKIE,,Team GP Elite,,GF,39.947,67.154,37.256,
77,1,7,2:24.440,0,,40.114,0,1:07.338,0,36.988,0,174.6,17:04.088,18:58:05.448,0:40.114,1:07.338,0:36.988,270.2,David Dziwok,,ROOKIE,,Team GP Elite,,GF,40.114,67.338,36.988,
77,1,8,2:24.540,0,,40.166,0,1:07.583,0,36.791,0,174.4,19:28.628,19:00:29.988,0:40.166,1:07.583,0:36.791,265.6,David Dziwok,,ROOKIE,,Team GP Elite,,GF,40.166,67.583,36.791,
77,1,9,2:24.445,0,,39.912,0,1:07.571,0,36.962,0,174.6,21:53.073,19:02:54.433,0:39.912,1:07.571,0:36.962,273.6,David Dziwok,,ROOKIE,,Team GP Elite,,GF,39.912,67.571,36.962,
77,1,10,2:24.588,0,,40.334,0,1:07.648,0,36.606,0,174.4,24:17.661,19:05:19.021,0:40.334,1:07.648,0:36.606,270.9,David Dziwok,,ROOKIE,,Team GP Elite,,FF,40.334,67.648,36.606,
83,1,1,5:29.031,0,,3:40.484,0,1:10.038,0,38.509,0,75.3,5:29.031,18:46:30.391,3:40.484,1:10.038,0:38.509,230.1,Makoto Haga,,PRO-AM,,Team GP Elite,,GF,220.484,70.038,38.509,
83,1,2,2:29.013,2,,41.553,0,1:09.196,2,38.264,0,169.2,7:58.044,18:48:59.404,0:41.553,1:09.196,0:38.264,248.0,Makoto Haga,,PRO-AM,,Team GP Elite,,GF,41.553,69.196,38.264,
83,1,3,2:30.108,0,,41.843,0,1:09.577,0,38.688,0,168.0,10:28.152,18:51:29.512,0:41.843,1:09.577,0:38.688,256.8,Makoto Haga,,PRO-AM,,Team GP Elite,,GF,41.843,69.577,38.688,
83,1,4,2:28.799,0,,41.305,0,1:09.388,0,38.106,0,169.5,12:56.951,18:53:58.311,0:41.305,1:09.388,0:38.106,251.4,Makoto Haga,,PRO-AM,,Team GP Elite,,GF,41.305,69.388,38.106,
83,1,5,2:30.098,0,,41.500,0,1:09.980,0,38.618,0,168.0,15:27.049,18:56:28.409,0:41.500,1:09.980,0:38.618,253.2,Makoto Haga,,PRO-AM,,Team GP Elite,,GF,41.500,69.980,38.618,
83,1,6,2:29.227,0,,41.329,2,1:09.366,0,38.532,0,169.0,17:56.276,18:58:57.636,0:41.329,1:09.366,0:38.532,255.6,Makoto Haga,,PRO-AM,,Team GP Elite,,GF,41.329,69.366,38.532,
83,1,7,2:29.173,0,,41.334,0,1:09.554,0,38.285,0,169.0,20:25.449,19:01:26.809,0:41.334,1:09.554,0:38.285,253.8,Makoto Haga,,PRO-AM,,Team GP Elite,,GF,41.334,69.554,38.285,
83,1,8,2:28.750,0,,41.687,0,1:09.211,0,37.852,2,169.5,22:54.199,19:03:55.559,0:41.687,1:09.211,0:37.852,255.0,Makoto Haga,,PRO-AM,,Team GP Elite,,GF,41.687,69.211,37.852,
83,1,9,2:29.485,0,,41.377,0,1:09.646,0,38.462,0,168.7,25:23.684,19:06:25.044,0:41.377,1:09.646,0:38.462,255.0,Makoto Haga,,PRO-AM,,Team GP Elite,,FF,41.377,69.646,38.462,
919,1,1,2:28.826,0,,43.350,0,1:08.524,0,36.952,0,166.5,2:28.826,18:43:30.186,0:43.350,1:08.524,0:36.952,238.7,Hjelte Hoffner,,PRO,,MDM Motorsport,,GF,43.350,68.524,36.952,
919,1,2,2:22.947,0,,40.016,0,1:05.851,2,37.080,0,176.4,4:51.773,18:45:53.133,0:40.016,1:05.851,0:37.080,270.2,Hjelte Hoffner,,PRO,,MDM Motorsport,,GF,40.016,65.851,37.080,
919,1,3,2:22.492,2,,40.057,0,1:05.943,0,36.492,2,177.0,7:14.265,18:48:15.625,0:40.057,1:05.943,0:36.492,270.2,Hjelte Hoffner,,PRO,,MDM Motorsport,,GF,40.057,65.943,36.492,
919,1,4,2:22.693,0,,39.859,2,1:06.031,0,36.803,0,176.7,9:36.958,18:50:38.318,0:39.859,1:06.031,0:36.803,268.9,Hjelte Hoffner,,PRO,,MDM Motorsport,,GF,39.859,66.031,36.803,
919,1,5,2:23.109,0,,39.909,0,1:06.389,0,36.811,0,176.2,12:00.067,18:53:01.427,0:39.909,1:06.389,0:36.811,269.6,Hjelte Hoffner,,PRO,,MDM Motorsport,,GF,39.909,66.389,36.811,
919,1,6,2:22.867,0,,39.946,0,1:06.297,0,36.624,0,176.5,14:22.934,18:55:24.294,0:39.946,1:06.297,0:36.624,268.9,Hjelte Hoffner,,PRO,,MDM Motorsport,,GF,39.946,66.297,36.624,
919,1,7,2:23.218,0,,39.906,0,1:06.477,0,36.835,0,176.1,16:46.152,18:57:47.512,0:39.906,1:06.477,0:36.835,269.6,Hjelte Hoffner,,PRO,,MDM Motorsport,,GF,39.906,66.477,36.835,
919,1,8,2:24.503,0,,40.310,0,1:06.870,0,37.323,0,174.5,19:10.655,19:00:12.015,0:40.310,1:06.870,0:37.323,269.6,Hjelte Hoffner,,PRO,,MDM Motorsport,,GF,40.310,66.870,37.323,
919,1,9,2:25.547,0,,40.325,0,1:08.253,0,36.969,0,173.2,21:36.202,19:02:37.562,0:40.325,1:08.253,0:36.969,266.9,Hjelte Hoffner,,PRO,,MDM Motorsport,,GF,40.325,68.253,36.969,
919,1,10,2:23.320,0,,40.069,0,1:06.423,0,36.828,0,175.9,23:59.522,19:05:00.882,0:40.069,1:06.423,0:36.828,267.6,Hjelte Hoffner,,PRO,,MDM Motorsport,,FF,40.069,66.423,36.828,
92,1,1,2:29.296,0,,43.541,0,1:08.784,0,36.971,0,165.9,2:29.296,18:43:30.656,0:43.541,1:08.784,0:36.971,245.7,Bertrand Baguette,,PRO,,NGT Racing,,GF,43.541,68.784,36.971,
92,1,2,2:23.359,0,,39.936,0,1:06.601,0,36.822,0,175.9,4:52.655,18:45:54.015,0:39.936,1:06.601,0:36.822,270.2,Bertrand Baguette,,PRO,,NGT Racing,,GF,39.936,66.601,36.822,
92,1,3,2:22.831,0,,40.111,0,1:06.222,2,36.498,2,176.5,7:15.486,18:48:16.846,0:40.111,1:06.222,0:36.498,268.2,Bertrand Baguette,,PRO,,NGT Racing,,GF,40.111,66.222,36.498,
92,1,4,2:23.047,0,,40.069,0,1:06.401,0,36.577,0,176.3,9:38.533,18:50:39.893,0:40.069,1:06.401,0:36.577,268.2,Bertrand Baguette,,PRO,,NGT Racing,,GF,40.069,66.401,36.577,
92,1,5,2:23.151,0,,40.108,0,1:06.480,0,36.563,0,176.1,12:01.684,18:53:03.044,0:40.108,1:06.480,0:36.563,268.2,Bertrand Baguette,,PRO,,NGT Racing,,GF,40.108,66.480,36.563,
92,1,6,2:22.807,2,,39.833,2,1:06.296,0,36.678,0,176.6,14:24.491,18:55:25.851,0:39.833,1:06.296,0:36.678,270.2,Bertrand Baguette,,PRO,,NGT Racing,,GF,39.833,66.296,36.678,
92,1,7,2:22.881,0,,39.869,0,1:06.261,0,36.751,0,176.5,16:47.372,18:57:48.732,0:39.869,1:06.261,0:36.751,270.2,Bertrand Baguette,,PRO,,NGT Racing,,GF,39.869,66.261,36.751,
92,1,8,2:23.847,0,,40.093,0,1:06.673,0,37.081,0,175.3,19:11.219,19:00:12.579,0:40.093,1:06.673,0:37.081,269.6,Bertrand Baguette,,PRO,,NGT Racing,,GF,40.093,66.673,37.081,
92,1,9,2:25.553,0,,40.114,0,1:08.524,0,36.915,0,173.2,21:36.772,19:02:38.132,0:40.114,1:08.524,0:36.915,270.9,Bertrand Baguette,,PRO,,NGT Racing,,GF,40.114,68.524,36.915,
92,1,10,2:23.771,0,,40.294,0,1:06.784,0,36.693,0,175.4,24:00.543,19:05:01.903,0:40.294,1:06.784,0:36.693,269.6,Bertrand Baguette,,PRO,,NGT Racing,,FF,40.294,66.784,36.693,
96,1,1,2:28.314,0,,43.035,0,1:08.519,0,36.760,0,167.0,2:28.314,18:43:29.674,0:43.035,1:08.519,0:36.760,265.6,Milan Marczak,,PRO,,Ajith - RedAnt Racing,,GF,43.035,68.519,36.760,
96,1,2,2:23.049,0,,39.643,3,1:06.325,0,37.081,0,176.3,4:51.363,18:45:52.723,0:39.643,1:06.325,0:37.081,272.3,Milan Marczak,,PRO,,Ajith - RedAnt Racing,,GF,39.643,66.325,37.081,
96,1,3,2:23.427,0,,39.808,0,1:06.105,0,37.514,0,175.8,7:14.790,18:48:16.150,0:39.808,1:06.105,0:37.514,269.6,Milan Marczak,,PRO,,Ajith - RedAnt Racing,,GF,39.808,66.105,37.514,
96,1,4,2:22.900,0,,39.894,0,1:06.063,2,36.943,0,176.4,9:37.690,18:50:39.050,0:39.894,1:06.063,0:36.943,270.2,Milan Marczak,,PRO,,Ajith - RedAnt Racing,,GF,39.894,66.063,36.943,
96,1,5,2:23.151,0,,39.995,0,1:06.239,0,36.917,0,176.1,12:00.841,18:53:02.201,0:39.995,1:06.239,0:36.917,268.2,Milan Marczak,,PRO,,Ajith - RedAnt Racing,,GF,39.995,66.239,36.917,
96,1,6,2:22.853,2,,39.786,0,1:06.377,0,36.690,2,176.5,14:23.694,18:55:25.054,0:39.786,1:06.377,0:36.690,270.2,Milan Marczak,,PRO,,Ajith - RedAnt Racing,,GF,39.786,66.377,36.690,
96,1,7,2:23.086,0,,39.776,0,1:06.541,0,36.769,0,176.2,16:46.780,18:57:48.140,0:39.776,1:06.541,0:36.769,271.6,Milan Marczak,,PRO,,Ajith - RedAnt Racing,,GF,39.776,66.541,36.769,
96,1,8,2:24.178,0,,40.193,0,1:06.750,0,37.235,0,174.9,19:10.958,19:00:12.318,0:40.193,1:06.750,0:37.235,268.9,Milan Marczak,,PRO,,Ajith - RedAnt Racing,,GF,40.193,66.750,37.235,
96,1,9,2:26.540,0,,40.129,0,1:09.332,0,37.079,0,172.1,21:37.498,19:02:38.858,0:40.129,1:09.332,0:37.079,270.9,Milan Marczak,,PRO,,Ajith - RedAnt Racing,,GF,40.129,69.332,37.079,
96,1,10,2:24.393,0,,40.187,0,1:07.126,0,37.080,0,174.6,24:01.891,19:05:03.251,0:40.187,1:07.126,0:37.080,266.9,Milan Marczak,,PRO,,Ajith - RedAnt Racing,,FF,40.187,67.126,37.080,
977,1,1,2:37.180,0,,48.431,0,1:10.326,0,38.423,0,157.6,2:37.180,18:43:38.540,0:48.431,1:10.326,0:38.423,246.8,Levent Turkmen,,PRO-AM,,MDM Motorsport,,GF,48.431,70.326,38.423,
977,1,2,2:28.297,0,,40.687,0,1:09.713,0,37.897,0,170.0,5:05.477,18:46:06.837,0:40.687,1:09.713,0:37.897,263.0,Levent Turkmen,,PRO-AM,,MDM Motorsport,,GF,40.687,69.713,37.897,
977,1,3,2:27.596,0,,41.113,0,1:08.976,0,37.507,0,170.8,7:33.073,18:48:34.433,0:41.113,1:08.976,0:37.507,258.6,Levent Turkmen,,PRO-AM,,MDM Motorsport,,GF,41.113,68.976,37.507,
977,1,4,2:28.227,0,,41.236,0,1:09.190,0,37.801,2,170.1,10:01.300,18:51:02.660,0:41.236,1:09.190,0:37.801,258.0,Levent Turkmen,,PRO-AM,,MDM Motorsport,,GF,41.236,69.190,37.801,
977,1,5,2:27.829,0,,40.923,0,1:08.918,0,37.988,0,170.6,12:29.129,18:53:30.489,0:40.923,1:08.918,0:37.988,261.7,Levent Turkmen,,PRO-AM,,MDM Motorsport,,GF,40.923,68.918,37.988,
977,1,6,2:27.658,0,,40.576,0,1:09.061,0,38.021,0,170.8,14:56.787,18:55:58.147,0:40.576,1:09.061,0:38.021,261.1,Levent Turkmen,,PRO-AM,,MDM Motorsport,,GF,40.576,69.061,38.021,
977,1,7,2:27.211,2,,40.768,0,1:08.557,2,37.886,0,171.3,17:23.998,18:58:25.358,0:40.768,1:08.557,0:37.886,261.7,Levent Turkmen,,PRO-AM,,MDM Motorsport,,GF,40.768,68.557,37.886,
977,1,8,2:27.294,0,,40.376,2,1:09.044,0,37.874,0,171.2,19:51.292,19:00:52.652,0:40.376,1:09.044,0:37.874,263.0,Levent Turkmen,,PRO-AM,,MDM Motorsport,,GF,40.376,69.044,37.874,
977,1,9,2:27.616,0,,40.516,0,1:09.012,0,38.088,0,170.8,22:18.908,19:03:20.268,0:40.516,1:09.012,0:38.088,261.7,Levent Turkmen,,PRO-AM,,MDM Motorsport,,GF,40.516,69.012,38.088,
977,1,10,2:27.920,0,,40.463,0,1:08.990,0,38.467,0,170.5,24:46.828,19:05:48.188,0:40.463,1:08.990,0:38.467,261.7,Levent Turkmen,,PRO-AM,,MDM Motorsport,,FF,40.463,68.990,38.467,
998,1,1,2:30.446,0,,44.850,0,1:08.326,0,37.270,0,164.7,2:30.446,18:43:31.806,0:44.850,1:08.326,0:37.270,246.3,Jan Seyffert,,PRO,,MDM Motorsport,,GF,44.850,68.326,37.270,
998,1,2,2:23.764,0,,40.112,0,1:06.494,0,37.158,0,175.4,4:54.210,18:45:55.570,0:40.112,1:06.494,0:37.158,270.2,Jan Seyffert,,PRO,,MDM Motorsport,,GF,40.112,66.494,37.158,
998,1,3,2:23.590,0,,40.074,0,1:06.535,0,36.981,0,175.6,7:17.800,18:48:19.160,0:40.074,1:06.535,0:36.981,270.2,Jan Seyffert,,PRO,,MDM Motorsport,,GF,40.074,66.535,36.981,
998,1,4,2:23.082,2,,39.870,2,1:06.424,2,36.788,2,176.2,9:40.882,18:50:42.242,0:39.870,1:06.424,0:36.788,270.9,Jan Seyffert,,PRO,,MDM Motorsport,,GF,39.870,66.424,36.788,
998,1,5,2:23.737,0,,40.148,0,1:06.692,0,36.897,0,175.4,12:04.619,18:53:05.979,0:40.148,1:06.692,0:36.897,269.6,Jan Seyffert,,PRO,,MDM Motorsport,,GF,40.148,66.692,36.897,
998,1,6,2:24.008,0,,40.087,0,1:06.738,0,37.183,0,175.1,14:28.627,18:55:29.987,0:40.087,1:06.738,0:37.183,270.2,Jan Seyffert,,PRO,,MDM Motorsport,,GF,40.087,66.738,37.183,
998,1,7,2:25.220,0,,40.684,0,1:06.898,0,37.638,0,173.6,16:53.847,18:57:55.207,0:40.684,1:06.898,0:37.638,268.2,Jan Seyffert,,PRO,,MDM Motorsport,,GF,40.684,66.898,37.638,
998,1,8,2:24.665,0,,40.323,0,1:07.064,0,37.278,0,174.3,19:18.512,19:00:19.872,0:40.323,1:07.064,0:37.278,268.2,Jan Seyffert,,PRO,,MDM Motorsport,,GF,40.323,67.064,37.278,
998,1,9,2:24.456,0,,40.142,0,1:07.143,0,37.171,0,174.5,21:42.968,19:02:44.328,0:40.142,1:07.143,0:37.171,270.9,Jan Seyffert,,PRO,,MDM Motorsport,,GF,40.142,67.143,37.171,
998,1,10,2:23.846,0,,40.311,0,1:06.530,0,37.005,0,175.3,24:06.814,19:05:08.174,0:40.311,1:06.530,0:37.005,268.9,Jan Seyffert,,PRO,,MDM Motorsport,,FF,40.311,66.530,37.005,
